[     318ms] [LOG] re-initializing @ https://www.metasrc.com/legacy/v/6.11.11/js/metasrc.min.js:0
[     663ms] [WARNING] [GPT] PubAdsService.setTargeting is deprecated, use googletag.setConfig({targeting: ...}) instead.
https://goo.gle/gpt-message#170 @ https://securepubads.g.doubleclick.net/pagead/managed/js/gpt/m202605120101/pubads_impl.js:18
[     859ms] [WARNING] [GPT] Using deprecated googletag.encryptedSignalProviders. Please use googletag.secureSignalProviders instead.
https://goo.gle/gpt-message#155 @ https://securepubads.g.doubleclick.net/pagead/managed/js/gpt/m202605120101/pubads_impl.js:18
[    1042ms] [WARNING] [GPT] Using deprecated googletag.encryptedSignalProviders. Please use googletag.secureSignalProviders instead.
https://goo.gle/gpt-message#155 @ https://securepubads.g.doubleclick.net/pagead/managed/js/gpt/m202605120101/pubads_impl.js:18
[    1099ms] [WARNING] [GPT] Using deprecated googletag.encryptedSignalProviders. Please use googletag.secureSignalProviders instead.
https://goo.gle/gpt-message#155 @ https://securepubads.g.doubleclick.net/pagead/managed/js/gpt/m202605120101/pubads_impl.js:18
[    1300ms] [LOG] [31, 0, 2, 0] @ https://cdn.intergi.com/pf?country=RO&browser=Chrome&device=desktop&website_id=75022:0
[    1301ms] [LOG] [31, 0, 2, 0] @ https://cdn.intergi.com/pf?country=RO&browser=Chrome&device=desktop&website_id=75022:0
[    1319ms] [WARNING] [GPT] Slot.setTargeting is deprecated, use Slot.setConfig({targeting: ...}) instead.
https://goo.gle/gpt-message#171 @ https://securepubads.g.doubleclick.net/pagead/managed/js/gpt/m202605120101/pubads_impl.js:18
[    1321ms] [LOG] [31, 0, 2, 4] @ https://cdn.intergi.com/pf?country=RO&browser=Chrome&device=desktop&website_id=75022:0
[    1322ms] [LOG] [31, 0, 2, 0] @ https://cdn.intergi.com/pf?country=RO&browser=Chrome&device=desktop&website_id=75022:0
[    1325ms] [LOG] [31, 0, 2, 5] @ https://cdn.intergi.com/pf?country=RO&browser=Chrome&device=desktop&website_id=75022:0
[    1325ms] [LOG] [31, 0, 2, 0] @ https://cdn.intergi.com/pf?country=RO&browser=Chrome&device=desktop&website_id=75022:0
[    1326ms] [LOG] [31, 0, 2, 2] @ https://cdn.intergi.com/pf?country=RO&browser=Chrome&device=desktop&website_id=75022:0
[    1327ms] [LOG] [31, 0, 2, 0] @ https://cdn.intergi.com/pf?country=RO&browser=Chrome&device=desktop&website_id=75022:0
[    1328ms] [LOG] [31, 0, 2, 8] @ https://cdn.intergi.com/pf?country=RO&browser=Chrome&device=desktop&website_id=75022:0
[    1328ms] [LOG] [31, 0, 2, 0] @ https://cdn.intergi.com/pf?country=RO&browser=Chrome&device=desktop&website_id=75022:0
[    1329ms] [LOG] [31, 0, 2, 7] @ https://cdn.intergi.com/pf?country=RO&browser=Chrome&device=desktop&website_id=75022:0
[    1330ms] [LOG] [31, 0, 2, 0] @ https://cdn.intergi.com/pf?country=RO&browser=Chrome&device=desktop&website_id=75022:0
[    1331ms] [LOG] [31, 0, 2, 3] @ https://cdn.intergi.com/pf?country=RO&browser=Chrome&device=desktop&website_id=75022:0
[    1331ms] [LOG] [31, 0, 2, 3] @ https://cdn.intergi.com/pf?country=RO&browser=Chrome&device=desktop&website_id=75022:0
[    1494ms] [ERROR] Attestation check for Protected Audience on https://fastlane.rubiconproject.com failed. @ https://www.metasrc.com/lol/arena/build/volibear:0
[    1494ms] [ERROR] Attestation check for Protected Audience on https://fastlane.rubiconproject.com failed. @ https://www.metasrc.com/lol/arena/build/volibear:0
[    1494ms] [ERROR] Attestation check for Protected Audience on https://fastlane.rubiconproject.com failed. @ https://www.metasrc.com/lol/arena/build/volibear:0
[    1494ms] [ERROR] Attestation check for Protected Audience on https://fastlane.rubiconproject.com failed. @ https://www.metasrc.com/lol/arena/build/volibear:0
[    1494ms] [ERROR] Attestation check for Protected Audience on https://fastlane.rubiconproject.com failed. @ https://www.metasrc.com/lol/arena/build/volibear:0
[    1494ms] [ERROR] Attestation check for Protected Audience on https://fastlane.rubiconproject.com failed. @ https://www.metasrc.com/lol/arena/build/volibear:0
[    1494ms] [ERROR] Attestation check for Protected Audience on https://s.seedtag.com failed. @ https://www.metasrc.com/lol/arena/build/volibear:0
[    1494ms] [ERROR] Attestation check for Protected Audience on https://htlb.casalemedia.com failed. @ https://www.metasrc.com/lol/arena/build/volibear:0
[    1494ms] [ERROR] Attestation check for Protected Audience on https://rtb.openx.net failed. @ https://www.metasrc.com/lol/arena/build/volibear:0
[    1494ms] [ERROR] Attestation check for Protected Audience on https://btlr.sharethrough.com failed. @ https://www.metasrc.com/lol/arena/build/volibear:0
[    1494ms] [ERROR] Attestation check for Protected Audience on https://btlr.sharethrough.com failed. @ https://www.metasrc.com/lol/arena/build/volibear:0
[    1494ms] [ERROR] Attestation check for Protected Audience on https://btlr.sharethrough.com failed. @ https://www.metasrc.com/lol/arena/build/volibear:0
[    1494ms] [ERROR] Attestation check for Protected Audience on https://btlr.sharethrough.com failed. @ https://www.metasrc.com/lol/arena/build/volibear:0
[    1494ms] [ERROR] Attestation check for Protected Audience on https://btlr.sharethrough.com failed. @ https://www.metasrc.com/lol/arena/build/volibear:0
[    1504ms] [ERROR] Attestation check for Protected Audience on https://hbopenbid.pubmatic.com failed. @ https://www.metasrc.com/lol/arena/build/volibear:0
[    1505ms] [ERROR] Attestation check for Protected Audience on https://grid-bidder.criteo.com failed. @ https://www.metasrc.com/lol/arena/build/volibear:0
[    1902ms] [ERROR] Failed to load resource: the server responded with a status of 400 () @ https://ups.analytics.yahoo.com/ups/58813/fed?gpp_sid=-1&gdpr=true&gdpr_consent=CQkP9QAQkP9QAEsACBENCfFoAP_gAEPgACiQLTsB_C5OTWFh8LZ3QbskeYQH97BgbkAwAgRIgkIBSDoSpJwAw2AYAAjSIiAIGRIAqnSBIAEACACERECAIIAFogBMIECQoDNCIIBECAMBACBQCARoE4thEQAAgmoEJkQRgBANQVIMWEyASohDknARbCAwAACQAIcICEF0QAMSkMAAZGxcpIrICACBEEgIAlmPBCIpoBAIIhAERAkhgABgUdgIhEICAIWhAKIAgAEgloAAAAAAAAAIK1sB_C5MTXFh8LBXwbskOYQX97AAbkAwAARIgkIBSDoSpIwA02AQAAiSICQIGRAAonQBIAEACAgERECBAIAFIgBMAEAQoDNAAMBEACMBACBQAABIA4thEQABgGoEJEQRgAAMQFIEWEyAWIgjknABaKAQAACQCIMAGEFkQAMQkMAA5GRKxIpICICBEEAIAhmPBCIloFAIohCERIohAABgUMAIBEACAIWhAKAAgQEgkoAA.ILTsB_C5OTXFh8LZ3wbskeYQX97BgbkAwAgRIgkIBSDoSpJwA02AYAAjSIiQIGRIAqnSBIAEACAiERECBIIAFogBMIECQoDNCIMBECCMBACBQCARoE4thEQABgmoEJkQRgBANQVIMWEyAWohjknARbKAwAACQCIcIGEF0QAMSkMAA5Gxe5IrICICBEEgIAlmPBCItoFAIohCERIshgABgUdgIhEICAIWhAKIAgQEgloAAAAAAAAAIA.cAAAD_gAAAA&v=1&url=https%3A%2F%2Fwww.metasrc.com%2Flol%2Farena%2Fbuild%2Fvolibear:0
[    3490ms] [ERROR] Attestation check for Attribution Reporting on https://ad.doubleclick.net failed. @ https://www.metasrc.com/lol/arena/build/volibear:0
[    3490ms] [ERROR] Attestation check for Attribution Reporting on https://ad.doubleclick.net failed. @ https://www.metasrc.com/lol/arena/build/volibear:0
[    3491ms] [ERROR] Attestation check for Attribution Reporting on https://ad.doubleclick.net failed. @ https://www.metasrc.com/lol/arena/build/volibear:0
[    3491ms] [ERROR] Attestation check for Attribution Reporting on https://ad.doubleclick.net failed. @ https://www.metasrc.com/lol/arena/build/volibear:0
[    3494ms] [ERROR] Attestation check for Attribution Reporting on https://ad.doubleclick.net failed. @ https://www.metasrc.com/lol/arena/build/volibear:0
[    3535ms] [ERROR] Attestation check for Attribution Reporting on https://ad.doubleclick.net failed. @ https://www.metasrc.com/lol/arena/build/volibear:0
[    3755ms] [ERROR] Failed to load resource: the server responded with a status of 400 () @ https://eb2.3lift.com/getuid?gdpr=1&gdpr_consent=CQkP9QAQkP9QAEsACBENCfFoAP_gAEPgACiQLTsB_C5OTWFh8LZ3QbskeYQH97BgbkAwAgRIgkIBSDoSpJwAw2AYAAjSIiAIGRIAqnSBIAEACACERECAIIAFogBMIECQoDNCIIBECAMBACBQCARoE4thEQAAgmoEJkQRgBANQVIMWEyASohDknARbCAwAACQAIcICEF0QAMSkMAAZGxcpIrICACBEEgIAlmPBCIpoBAIIhAERAkhgABgUdgIhEICAIWhAKIAgAEgloAAAAAAAAAIK1sB_C5MTXFh8LBXwbskOYQX97AAbkAwAARIgkIBSDoSpIwA02AQAAiSICQIGRAAonQBIAEACAgERECBAIAFIgBMAEAQoDNAAMBEACMBACBQAABIA4thEQABgGoEJEQRgAAMQFIEWEyAWIgjknABaKAQAACQCIMAGEFkQAMQkMAA5GRKxIpICICBEEAIAhmPBCIloFAIohCERIohAABgUMAIBEACAIWhAKAAgQEgkoAA.ILTsB_C5OTXFh8LZ3wbskeYQX97BgbkAwAgRIgkIBSDoSpJwA02AYAAjSIiQIGRIAqnSBIAEACAiERECBIIAFogBMIECQoDNCIMBECCMBACBQCARoE4thEQABgmoEJkQRgBANQVIMWEyAWohjknARbKAwAACQCIcIGEF0QAMSkMAA5Gxe5IrICICBEEgIAlmPBCItoFAIohCERIshgABgUdgIhEICAIWhAKIAgQEgloAAAAAAAAAIA.cAAAD_gAAAA&redir=https%3A%2F%2Fvisitor.europe-west9.gcp.omnitagjs.com%2Fvisitor%2Fsync%3Fgdpr%3D1%26gdpr_consent%3DCQkP9QAQkP9QAEsACBENCfFoAP_gAEPgACiQLTsB_C5OTWFh8LZ3QbskeYQH97BgbkAwAgRIgkIBSDoSpJwAw2AYAAjSIiAIGRIAqnSBIAEACACERECAIIAFogBMIECQoDNCIIBECAMBACBQCARoE4thEQAAgmoEJkQRgBANQVIMWEyASohDknARbCAwAACQAIcICEF0QAMSkMAAZGxcpIrICACBEEgIAlmPBCIpoBAIIhAERAkhgABgUdgIhEICAIWhAKIAgAEgloAAAAAAAAAIK1sB_C5MTXFh8LBXwbskOYQX97AAbkAwAARIgkIBSDoSpIwA02AQAAiSICQIGRAAonQBIAEACAgERECBAIAFIgBMAEAQoDNAAMBEACMBACBQAABIA4thEQABgGoEJEQRgAAMQFIEWEyAWIgjknABaKAQAACQCIMAGEFkQAMQkMAA5GRKxIpICICBEEAIAhmPBCIloFAIohCERIohAABgUMAIBEACAIWhAKAAgQEgkoAA.ILTsB_C5OTXFh8LZ3wbskeYQX97BgbkAwAgRIgkIBSDoSpJwA02AYAAjSIiQIGRIAqnSBIAEACAiERECBIIAFogBMIECQoDNCIMBECCMBACBQCARoE4thEQABgmoEJkQRgBANQVIMWEyAWohjknARbKAwAACQCIcIGEF0QAMSkMAA5Gxe5IrICICBEEgIAlmPBCItoFAIohCERIshgABgUdgIhEICAIWhAKIAgQEgloAAAAAAAAAIA.cAAAD_gAAAA%26is_cookie_sync_uid%3D1%26name%3DTRIPLELIFT_cookie_sync%26ttl%3D720%26uid%3D771bebe2d6221e9ca65e16ebf8d2f6f3%26visitor%3D%24UID:0
[    3775ms] [ERROR] Attestation check for Attribution Reporting on https://ad.doubleclick.net failed. @ https://www.metasrc.com/lol/arena/build/volibear:0
[    3775ms] [ERROR] Attestation check for Attribution Reporting on https://ad.doubleclick.net failed. @ https://www.metasrc.com/lol/arena/build/volibear:0
[    4326ms] [ERROR] Attestation check for Shared Storage on https://www.googleadservices.com failed. @ https://www.googleadservices.com/pagead/managed/js/activeview/current/reach_worklet.html:0
[    4336ms] [ERROR] Attestation check for Shared Storage on https://www.googleadservices.com failed. @ https://www.googleadservices.com/pagead/managed/js/activeview/current/reach_worklet.html:0
[    4340ms] [ERROR] Attestation check for Shared Storage on https://www.googleadservices.com failed. @ https://www.googleadservices.com/pagead/managed/js/activeview/current/reach_worklet.html:0
[    4347ms] [ERROR] Attestation check for Shared Storage on https://www.googleadservices.com failed. @ https://www.googleadservices.com/pagead/managed/js/activeview/current/reach_worklet.html:0
[    4604ms] [ERROR] Failed to load resource: the server responded with a status of 400 () @ https://secure.adnxs.com/getuid?https%3A%2F%2Fsync.aniview.com%2Fcookiesyncendpoint%3Fauid%3Df9b9c240-ec6f-41b7-981c-d50a6b16ddd5%26biddername%3D55%26key%3D%24UID:0
[   23308ms] [ERROR] Failed to load resource: net::ERR_CONNECTION_TIMED_OUT @ https://rbp.mxptint.net/sn.ashx?gdpr_consent=CQkP9QAQkP9QAEsACBENCfFoAP_gAEPgACiQLTsB_C5OTWFh8LZ3QbskeYQH97BgbkAwAgRIgkIBSDoSpJwAw2AYAAjSIiAIGRIAqnSBIAEACACERECAIIAFogBMIECQoDNCIIBECAMBACBQCARoE4thEQAAgmoEJkQRgBANQVIMWEyASohDknARbCAwAACQAIcICEF0QAMSkMAAZGxcpIrICACBEEgIAlmPBCIpoBAIIhAERAkhgABgUdgIhEICAIWhAKIAgAEgloAAAAAAAAAIK1sB_C5MTXFh8LBXwbskOYQX97AAbkAwAARIgkIBSDoSpIwA02AQAAiSICQIGRAAonQBIAEACAgERECBAIAFIgBMAEAQoDNAAMBEACMBACBQAABIA4thEQABgGoEJEQRgAAMQFIEWEyAWIgjknABaKAQAACQCIMAGEFkQAMQkMAA5GRKxIpICICBEEAIAhmPBCIloFAIohCERIohAABgUMAIBEACAIWhAKAAgQEgkoAA.ILTsB_C5OTXFh8LZ3wbskeYQX97BgbkAwAgRIgkIBSDoSpJwA02AYAAjSIiQIGRIAqnSBIAEACAiERECBIIAFogBMIECQoDNCIMBECCMBACBQCARoE4thEQABgmoEJkQRgBANQVIMWEyAWohjknARbKAwAACQCIcIGEF0QAMSkMAA5Gxe5IrICICBEEgIAlmPBCItoFAIohCERIshgABgUdgIhEICAIWhAKIAgQEgloAAAAAAAAAIA.cAAAD_gAAAA&gdpr=1:0
[   29865ms] [ERROR] Attestation check for Protected Audience on https://btlr.sharethrough.com failed. @ https://www.metasrc.com/lol/arena/build/volibear:0
[   29865ms] [ERROR] Attestation check for Protected Audience on https://rtb.openx.net failed. @ https://www.metasrc.com/lol/arena/build/volibear:0
[   29865ms] [ERROR] Attestation check for Protected Audience on https://fastlane.rubiconproject.com failed. @ https://www.metasrc.com/lol/arena/build/volibear:0
[   29865ms] [ERROR] Attestation check for Protected Audience on https://htlb.casalemedia.com failed. @ https://www.metasrc.com/lol/arena/build/volibear:0
[   29865ms] [ERROR] Attestation check for Protected Audience on https://s.seedtag.com failed. @ https://www.metasrc.com/lol/arena/build/volibear:0
[   29974ms] [ERROR] Attestation check for Protected Audience on https://grid-bidder.criteo.com failed. @ https://www.metasrc.com/lol/arena/build/volibear:0
[   29975ms] [ERROR] Attestation check for Protected Audience on https://fastlane.rubiconproject.com failed. @ https://www.metasrc.com/lol/arena/build/volibear:0
[   29975ms] [ERROR] Attestation check for Protected Audience on https://htlb.casalemedia.com failed. @ https://www.metasrc.com/lol/arena/build/volibear:0
[   29975ms] [ERROR] Attestation check for Protected Audience on https://rtb.openx.net failed. @ https://www.metasrc.com/lol/arena/build/volibear:0
[   29976ms] [ERROR] Attestation check for Protected Audience on https://btlr.sharethrough.com failed. @ https://www.metasrc.com/lol/arena/build/volibear:0
[   29976ms] [ERROR] Attestation check for Protected Audience on https://s.seedtag.com failed. @ https://www.metasrc.com/lol/arena/build/volibear:0
[   29977ms] [ERROR] Attestation check for Protected Audience on https://hbopenbid.pubmatic.com failed. @ https://www.metasrc.com/lol/arena/build/volibear:0
[   29992ms] [ERROR] Attestation check for Protected Audience on https://rtb.openx.net failed. @ https://www.metasrc.com/lol/arena/build/volibear:0
[   29992ms] [ERROR] Attestation check for Protected Audience on https://s.seedtag.com failed. @ https://www.metasrc.com/lol/arena/build/volibear:0
[   29992ms] [ERROR] Attestation check for Protected Audience on https://htlb.casalemedia.com failed. @ https://www.metasrc.com/lol/arena/build/volibear:0
[   29992ms] [ERROR] Attestation check for Protected Audience on https://btlr.sharethrough.com failed. @ https://www.metasrc.com/lol/arena/build/volibear:0
[   29992ms] [ERROR] Attestation check for Protected Audience on https://fastlane.rubiconproject.com failed. @ https://www.metasrc.com/lol/arena/build/volibear:0
[   29996ms] [ERROR] Attestation check for Protected Audience on https://grid-bidder.criteo.com failed. @ https://www.metasrc.com/lol/arena/build/volibear:0
[   29996ms] [ERROR] Attestation check for Protected Audience on https://hbopenbid.pubmatic.com failed. @ https://www.metasrc.com/lol/arena/build/volibear:0
[   29996ms] [ERROR] Attestation check for Protected Audience on https://hbopenbid.pubmatic.com failed. @ https://www.metasrc.com/lol/arena/build/volibear:0
[   29997ms] [ERROR] Attestation check for Protected Audience on https://grid-bidder.criteo.com failed. @ https://www.metasrc.com/lol/arena/build/volibear:0
[   30026ms] [ERROR] Attestation check for Protected Audience on https://s.seedtag.com failed. @ https://www.metasrc.com/lol/arena/build/volibear:0
[   30027ms] [ERROR] Attestation check for Protected Audience on https://btlr.sharethrough.com failed. @ https://www.metasrc.com/lol/arena/build/volibear:0
[   30027ms] [ERROR] Attestation check for Protected Audience on https://htlb.casalemedia.com failed. @ https://www.metasrc.com/lol/arena/build/volibear:0
[   30027ms] [ERROR] Attestation check for Protected Audience on https://rtb.openx.net failed. @ https://www.metasrc.com/lol/arena/build/volibear:0
[   30027ms] [ERROR] Attestation check for Protected Audience on https://fastlane.rubiconproject.com failed. @ https://www.metasrc.com/lol/arena/build/volibear:0
[   30030ms] [ERROR] Attestation check for Protected Audience on https://hbopenbid.pubmatic.com failed. @ https://www.metasrc.com/lol/arena/build/volibear:0
[   30030ms] [ERROR] Attestation check for Protected Audience on https://grid-bidder.criteo.com failed. @ https://www.metasrc.com/lol/arena/build/volibear:0
[    4326ms] [ERROR] Attestation check for Shared Storage on https://www.googleadservices.com failed. @ https://www.googleadservices.com/pagead/managed/js/activeview/current/reach_worklet.html:0
[    4336ms] [ERROR] Attestation check for Shared Storage on https://www.googleadservices.com failed. @ https://www.googleadservices.com/pagead/managed/js/activeview/current/reach_worklet.html:0
[    4340ms] [ERROR] Attestation check for Shared Storage on https://www.googleadservices.com failed. @ https://www.googleadservices.com/pagead/managed/js/activeview/current/reach_worklet.html:0
[    4347ms] [ERROR] Attestation check for Shared Storage on https://www.googleadservices.com failed. @ https://www.googleadservices.com/pagead/managed/js/activeview/current/reach_worklet.html:0
[    4326ms] [ERROR] Attestation check for Shared Storage on https://www.googleadservices.com failed. @ https://www.googleadservices.com/pagead/managed/js/activeview/current/reach_worklet.html:0
[    4336ms] [ERROR] Attestation check for Shared Storage on https://www.googleadservices.com failed. @ https://www.googleadservices.com/pagead/managed/js/activeview/current/reach_worklet.html:0
[    4340ms] [ERROR] Attestation check for Shared Storage on https://www.googleadservices.com failed. @ https://www.googleadservices.com/pagead/managed/js/activeview/current/reach_worklet.html:0
[    4347ms] [ERROR] Attestation check for Shared Storage on https://www.googleadservices.com failed. @ https://www.googleadservices.com/pagead/managed/js/activeview/current/reach_worklet.html:0
[   33271ms] [ERROR] Attestation check for Shared Storage on https://www.googleadservices.com failed. @ https://www.googleadservices.com/pagead/managed/js/activeview/current/reach_worklet.html:0
[   33386ms] [ERROR] Attestation check for Attribution Reporting on https://ad.doubleclick.net failed. @ https://www.metasrc.com/lol/arena/build/volibear:0
[   33398ms] [ERROR] Attestation check for Attribution Reporting on https://ad.doubleclick.net failed. @ https://www.metasrc.com/lol/arena/build/volibear:0
[   33434ms] [ERROR] Attestation check for Shared Storage on https://www.googleadservices.com failed. @ https://www.googleadservices.com/pagead/managed/js/activeview/current/reach_worklet.html:0
[   33478ms] [ERROR] Attestation check for Attribution Reporting on https://ad.doubleclick.net failed. @ https://www.metasrc.com/lol/arena/build/volibear:0
[    4326ms] [ERROR] Attestation check for Shared Storage on https://www.googleadservices.com failed. @ https://www.googleadservices.com/pagead/managed/js/activeview/current/reach_worklet.html:0
[    4336ms] [ERROR] Attestation check for Shared Storage on https://www.googleadservices.com failed. @ https://www.googleadservices.com/pagead/managed/js/activeview/current/reach_worklet.html:0
[    4340ms] [ERROR] Attestation check for Shared Storage on https://www.googleadservices.com failed. @ https://www.googleadservices.com/pagead/managed/js/activeview/current/reach_worklet.html:0
[    4347ms] [ERROR] Attestation check for Shared Storage on https://www.googleadservices.com failed. @ https://www.googleadservices.com/pagead/managed/js/activeview/current/reach_worklet.html:0
[   33271ms] [ERROR] Attestation check for Shared Storage on https://www.googleadservices.com failed. @ https://www.googleadservices.com/pagead/managed/js/activeview/current/reach_worklet.html:0
[   33434ms] [ERROR] Attestation check for Shared Storage on https://www.googleadservices.com failed. @ https://www.googleadservices.com/pagead/managed/js/activeview/current/reach_worklet.html:0
[   33548ms] [ERROR] Attestation check for Shared Storage on https://www.googleadservices.com failed. @ https://www.googleadservices.com/pagead/managed/js/activeview/current/reach_worklet.html:0
[   33605ms] [ERROR] Attestation check for Attribution Reporting on https://ad.doubleclick.net failed. @ https://www.metasrc.com/lol/arena/build/volibear:0
[   33629ms] [ERROR] Attestation check for Attribution Reporting on https://ad.doubleclick.net failed. @ https://www.metasrc.com/lol/arena/build/volibear:0
[    4326ms] [ERROR] Attestation check for Shared Storage on https://www.googleadservices.com failed. @ https://www.googleadservices.com/pagead/managed/js/activeview/current/reach_worklet.html:0
[    4336ms] [ERROR] Attestation check for Shared Storage on https://www.googleadservices.com failed. @ https://www.googleadservices.com/pagead/managed/js/activeview/current/reach_worklet.html:0
[    4340ms] [ERROR] Attestation check for Shared Storage on https://www.googleadservices.com failed. @ https://www.googleadservices.com/pagead/managed/js/activeview/current/reach_worklet.html:0
[    4347ms] [ERROR] Attestation check for Shared Storage on https://www.googleadservices.com failed. @ https://www.googleadservices.com/pagead/managed/js/activeview/current/reach_worklet.html:0
[   33271ms] [ERROR] Attestation check for Shared Storage on https://www.googleadservices.com failed. @ https://www.googleadservices.com/pagead/managed/js/activeview/current/reach_worklet.html:0
[   33434ms] [ERROR] Attestation check for Shared Storage on https://www.googleadservices.com failed. @ https://www.googleadservices.com/pagead/managed/js/activeview/current/reach_worklet.html:0
[   33548ms] [ERROR] Attestation check for Shared Storage on https://www.googleadservices.com failed. @ https://www.googleadservices.com/pagead/managed/js/activeview/current/reach_worklet.html:0
[   33793ms] [ERROR] Attestation check for Shared Storage on https://www.googleadservices.com failed. @ https://www.googleadservices.com/pagead/managed/js/activeview/current/reach_worklet.html:0
[   60253ms] [ERROR] Attestation check for Protected Audience on https://btlr.sharethrough.com failed. @ https://www.metasrc.com/lol/arena/build/volibear:0
[   60253ms] [ERROR] Attestation check for Protected Audience on https://rtb.openx.net failed. @ https://www.metasrc.com/lol/arena/build/volibear:0
[   60253ms] [ERROR] Attestation check for Protected Audience on https://fastlane.rubiconproject.com failed. @ https://www.metasrc.com/lol/arena/build/volibear:0
[   60253ms] [ERROR] Attestation check for Protected Audience on https://s.seedtag.com failed. @ https://www.metasrc.com/lol/arena/build/volibear:0
[   60253ms] [ERROR] Attestation check for Protected Audience on https://htlb.casalemedia.com failed. @ https://www.metasrc.com/lol/arena/build/volibear:0
[   60255ms] [ERROR] Attestation check for Protected Audience on https://hbopenbid.pubmatic.com failed. @ https://www.metasrc.com/lol/arena/build/volibear:0
[   60256ms] [ERROR] Attestation check for Protected Audience on https://grid-bidder.criteo.com failed. @ https://www.metasrc.com/lol/arena/build/volibear:0
[   60302ms] [ERROR] Attestation check for Protected Audience on https://fastlane.rubiconproject.com failed. @ https://www.metasrc.com/lol/arena/build/volibear:0
[   60302ms] [ERROR] Attestation check for Protected Audience on https://btlr.sharethrough.com failed. @ https://www.metasrc.com/lol/arena/build/volibear:0
[   60302ms] [ERROR] Attestation check for Protected Audience on https://s.seedtag.com failed. @ https://www.metasrc.com/lol/arena/build/volibear:0
[   60302ms] [ERROR] Attestation check for Protected Audience on https://rtb.openx.net failed. @ https://www.metasrc.com/lol/arena/build/volibear:0
[   60302ms] [ERROR] Attestation check for Protected Audience on https://htlb.casalemedia.com failed. @ https://www.metasrc.com/lol/arena/build/volibear:0
[   60305ms] [ERROR] Attestation check for Protected Audience on https://hbopenbid.pubmatic.com failed. @ https://www.metasrc.com/lol/arena/build/volibear:0
[   60305ms] [ERROR] Attestation check for Protected Audience on https://grid-bidder.criteo.com failed. @ https://www.metasrc.com/lol/arena/build/volibear:0
[   60485ms] [ERROR] Attestation check for Protected Audience on https://htlb.casalemedia.com failed. @ https://www.metasrc.com/lol/arena/build/volibear:0
[   60485ms] [ERROR] Attestation check for Protected Audience on https://s.seedtag.com failed. @ https://www.metasrc.com/lol/arena/build/volibear:0
[   60485ms] [ERROR] Attestation check for Protected Audience on https://btlr.sharethrough.com failed. @ https://www.metasrc.com/lol/arena/build/volibear:0
[   60485ms] [ERROR] Attestation check for Protected Audience on https://fastlane.rubiconproject.com failed. @ https://www.metasrc.com/lol/arena/build/volibear:0
[   60486ms] [ERROR] Attestation check for Protected Audience on https://rtb.openx.net failed. @ https://www.metasrc.com/lol/arena/build/volibear:0
[   60489ms] [ERROR] Attestation check for Protected Audience on https://grid-bidder.criteo.com failed. @ https://www.metasrc.com/lol/arena/build/volibear:0
[   60489ms] [ERROR] Attestation check for Protected Audience on https://hbopenbid.pubmatic.com failed. @ https://www.metasrc.com/lol/arena/build/volibear:0
[   60512ms] [ERROR] Attestation check for Protected Audience on https://htlb.casalemedia.com failed. @ https://www.metasrc.com/lol/arena/build/volibear:0
[   60512ms] [ERROR] Attestation check for Protected Audience on https://s.seedtag.com failed. @ https://www.metasrc.com/lol/arena/build/volibear:0
[   60512ms] [ERROR] Attestation check for Protected Audience on https://btlr.sharethrough.com failed. @ https://www.metasrc.com/lol/arena/build/volibear:0
[   60512ms] [ERROR] Attestation check for Protected Audience on https://fastlane.rubiconproject.com failed. @ https://www.metasrc.com/lol/arena/build/volibear:0
[   60512ms] [ERROR] Attestation check for Protected Audience on https://rtb.openx.net failed. @ https://www.metasrc.com/lol/arena/build/volibear:0
[   60517ms] [ERROR] Attestation check for Protected Audience on https://grid-bidder.criteo.com failed. @ https://www.metasrc.com/lol/arena/build/volibear:0
[   60520ms] [ERROR] Attestation check for Protected Audience on https://hbopenbid.pubmatic.com failed. @ https://www.metasrc.com/lol/arena/build/volibear:0
[    4326ms] [ERROR] Attestation check for Shared Storage on https://www.googleadservices.com failed. @ https://www.googleadservices.com/pagead/managed/js/activeview/current/reach_worklet.html:0
[    4336ms] [ERROR] Attestation check for Shared Storage on https://www.googleadservices.com failed. @ https://www.googleadservices.com/pagead/managed/js/activeview/current/reach_worklet.html:0
[    4340ms] [ERROR] Attestation check for Shared Storage on https://www.googleadservices.com failed. @ https://www.googleadservices.com/pagead/managed/js/activeview/current/reach_worklet.html:0
[    4347ms] [ERROR] Attestation check for Shared Storage on https://www.googleadservices.com failed. @ https://www.googleadservices.com/pagead/managed/js/activeview/current/reach_worklet.html:0
[   33271ms] [ERROR] Attestation check for Shared Storage on https://www.googleadservices.com failed. @ https://www.googleadservices.com/pagead/managed/js/activeview/current/reach_worklet.html:0
[   33434ms] [ERROR] Attestation check for Shared Storage on https://www.googleadservices.com failed. @ https://www.googleadservices.com/pagead/managed/js/activeview/current/reach_worklet.html:0
[   33548ms] [ERROR] Attestation check for Shared Storage on https://www.googleadservices.com failed. @ https://www.googleadservices.com/pagead/managed/js/activeview/current/reach_worklet.html:0
[   33793ms] [ERROR] Attestation check for Shared Storage on https://www.googleadservices.com failed. @ https://www.googleadservices.com/pagead/managed/js/activeview/current/reach_worklet.html:0
[   63619ms] [ERROR] Attestation check for Shared Storage on https://www.googleadservices.com failed. @ https://www.googleadservices.com/pagead/managed/js/activeview/current/reach_worklet.html:0
[    4326ms] [ERROR] Attestation check for Shared Storage on https://www.googleadservices.com failed. @ https://www.googleadservices.com/pagead/managed/js/activeview/current/reach_worklet.html:0
[    4336ms] [ERROR] Attestation check for Shared Storage on https://www.googleadservices.com failed. @ https://www.googleadservices.com/pagead/managed/js/activeview/current/reach_worklet.html:0
[    4340ms] [ERROR] Attestation check for Shared Storage on https://www.googleadservices.com failed. @ https://www.googleadservices.com/pagead/managed/js/activeview/current/reach_worklet.html:0
[    4347ms] [ERROR] Attestation check for Shared Storage on https://www.googleadservices.com failed. @ https://www.googleadservices.com/pagead/managed/js/activeview/current/reach_worklet.html:0
[   33271ms] [ERROR] Attestation check for Shared Storage on https://www.googleadservices.com failed. @ https://www.googleadservices.com/pagead/managed/js/activeview/current/reach_worklet.html:0
[   33434ms] [ERROR] Attestation check for Shared Storage on https://www.googleadservices.com failed. @ https://www.googleadservices.com/pagead/managed/js/activeview/current/reach_worklet.html:0
[   33548ms] [ERROR] Attestation check for Shared Storage on https://www.googleadservices.com failed. @ https://www.googleadservices.com/pagead/managed/js/activeview/current/reach_worklet.html:0
[   33793ms] [ERROR] Attestation check for Shared Storage on https://www.googleadservices.com failed. @ https://www.googleadservices.com/pagead/managed/js/activeview/current/reach_worklet.html:0
[   63619ms] [ERROR] Attestation check for Shared Storage on https://www.googleadservices.com failed. @ https://www.googleadservices.com/pagead/managed/js/activeview/current/reach_worklet.html:0
[   63716ms] [ERROR] Attestation check for Attribution Reporting on https://ad.doubleclick.net failed. @ https://www.metasrc.com/lol/arena/build/volibear:0
[   63725ms] [ERROR] Attestation check for Attribution Reporting on https://ad.doubleclick.net failed. @ https://www.metasrc.com/lol/arena/build/volibear:0
[   63738ms] [ERROR] Attestation check for Shared Storage on https://www.googleadservices.com failed. @ https://www.googleadservices.com/pagead/managed/js/activeview/current/reach_worklet.html:0
[   63784ms] [ERROR] Attestation check for Attribution Reporting on https://ad.doubleclick.net failed. @ https://www.metasrc.com/lol/arena/build/volibear:0
[    4326ms] [ERROR] Attestation check for Shared Storage on https://www.googleadservices.com failed. @ https://www.googleadservices.com/pagead/managed/js/activeview/current/reach_worklet.html:0
[    4336ms] [ERROR] Attestation check for Shared Storage on https://www.googleadservices.com failed. @ https://www.googleadservices.com/pagead/managed/js/activeview/current/reach_worklet.html:0
[    4340ms] [ERROR] Attestation check for Shared Storage on https://www.googleadservices.com failed. @ https://www.googleadservices.com/pagead/managed/js/activeview/current/reach_worklet.html:0
[    4347ms] [ERROR] Attestation check for Shared Storage on https://www.googleadservices.com failed. @ https://www.googleadservices.com/pagead/managed/js/activeview/current/reach_worklet.html:0
[   33271ms] [ERROR] Attestation check for Shared Storage on https://www.googleadservices.com failed. @ https://www.googleadservices.com/pagead/managed/js/activeview/current/reach_worklet.html:0
[   33434ms] [ERROR] Attestation check for Shared Storage on https://www.googleadservices.com failed. @ https://www.googleadservices.com/pagead/managed/js/activeview/current/reach_worklet.html:0
[   33548ms] [ERROR] Attestation check for Shared Storage on https://www.googleadservices.com failed. @ https://www.googleadservices.com/pagead/managed/js/activeview/current/reach_worklet.html:0
[   33793ms] [ERROR] Attestation check for Shared Storage on https://www.googleadservices.com failed. @ https://www.googleadservices.com/pagead/managed/js/activeview/current/reach_worklet.html:0
[   63619ms] [ERROR] Attestation check for Shared Storage on https://www.googleadservices.com failed. @ https://www.googleadservices.com/pagead/managed/js/activeview/current/reach_worklet.html:0
[   63738ms] [ERROR] Attestation check for Shared Storage on https://www.googleadservices.com failed. @ https://www.googleadservices.com/pagead/managed/js/activeview/current/reach_worklet.html:0
[   63928ms] [ERROR] Attestation check for Attribution Reporting on https://ad.doubleclick.net failed. @ https://www.metasrc.com/lol/arena/build/volibear:0
[   63941ms] [ERROR] Attestation check for Attribution Reporting on https://ad.doubleclick.net failed. @ https://www.metasrc.com/lol/arena/build/volibear:0
[   64094ms] [ERROR] Attestation check for Shared Storage on https://www.googleadservices.com failed. @ https://www.googleadservices.com/pagead/managed/js/activeview/current/reach_worklet.html:0
[   64166ms] [ERROR] Attestation check for Attribution Reporting on https://ad.doubleclick.net failed. @ https://www.metasrc.com/lol/arena/build/volibear:0
[   64182ms] [ERROR] Attestation check for Attribution Reporting on https://ad.doubleclick.net failed. @ https://www.metasrc.com/lol/arena/build/volibear:0
[    4326ms] [ERROR] Attestation check for Shared Storage on https://www.googleadservices.com failed. @ https://www.googleadservices.com/pagead/managed/js/activeview/current/reach_worklet.html:0
[    4336ms] [ERROR] Attestation check for Shared Storage on https://www.googleadservices.com failed. @ https://www.googleadservices.com/pagead/managed/js/activeview/current/reach_worklet.html:0
[    4340ms] [ERROR] Attestation check for Shared Storage on https://www.googleadservices.com failed. @ https://www.googleadservices.com/pagead/managed/js/activeview/current/reach_worklet.html:0
[    4347ms] [ERROR] Attestation check for Shared Storage on https://www.googleadservices.com failed. @ https://www.googleadservices.com/pagead/managed/js/activeview/current/reach_worklet.html:0
[   33271ms] [ERROR] Attestation check for Shared Storage on https://www.googleadservices.com failed. @ https://www.googleadservices.com/pagead/managed/js/activeview/current/reach_worklet.html:0
[   33434ms] [ERROR] Attestation check for Shared Storage on https://www.googleadservices.com failed. @ https://www.googleadservices.com/pagead/managed/js/activeview/current/reach_worklet.html:0
[   33548ms] [ERROR] Attestation check for Shared Storage on https://www.googleadservices.com failed. @ https://www.googleadservices.com/pagead/managed/js/activeview/current/reach_worklet.html:0
[   33793ms] [ERROR] Attestation check for Shared Storage on https://www.googleadservices.com failed. @ https://www.googleadservices.com/pagead/managed/js/activeview/current/reach_worklet.html:0
[   63619ms] [ERROR] Attestation check for Shared Storage on https://www.googleadservices.com failed. @ https://www.googleadservices.com/pagead/managed/js/activeview/current/reach_worklet.html:0
[   63738ms] [ERROR] Attestation check for Shared Storage on https://www.googleadservices.com failed. @ https://www.googleadservices.com/pagead/managed/js/activeview/current/reach_worklet.html:0
[   64094ms] [ERROR] Attestation check for Shared Storage on https://www.googleadservices.com failed. @ https://www.googleadservices.com/pagead/managed/js/activeview/current/reach_worklet.html:0
[   64370ms] [ERROR] Attestation check for Shared Storage on https://www.googleadservices.com failed. @ https://www.googleadservices.com/pagead/managed/js/activeview/current/reach_worklet.html:0
[   90645ms] [ERROR] Attestation check for Protected Audience on https://fastlane.rubiconproject.com failed. @ https://www.metasrc.com/lol/arena/build/volibear:0
[   90645ms] [ERROR] Attestation check for Protected Audience on https://s.seedtag.com failed. @ https://www.metasrc.com/lol/arena/build/volibear:0
[   90645ms] [ERROR] Attestation check for Protected Audience on https://rtb.openx.net failed. @ https://www.metasrc.com/lol/arena/build/volibear:0
[   90645ms] [ERROR] Attestation check for Protected Audience on https://btlr.sharethrough.com failed. @ https://www.metasrc.com/lol/arena/build/volibear:0
[   90645ms] [ERROR] Attestation check for Protected Audience on https://htlb.casalemedia.com failed. @ https://www.metasrc.com/lol/arena/build/volibear:0
[   90647ms] [ERROR] Attestation check for Protected Audience on https://hbopenbid.pubmatic.com failed. @ https://www.metasrc.com/lol/arena/build/volibear:0
[   90647ms] [ERROR] Attestation check for Protected Audience on https://grid-bidder.criteo.com failed. @ https://www.metasrc.com/lol/arena/build/volibear:0
[   90674ms] [ERROR] Attestation check for Protected Audience on https://rtb.openx.net failed. @ https://www.metasrc.com/lol/arena/build/volibear:0
[   90674ms] [ERROR] Attestation check for Protected Audience on https://s.seedtag.com failed. @ https://www.metasrc.com/lol/arena/build/volibear:0
[   90674ms] [ERROR] Attestation check for Protected Audience on https://btlr.sharethrough.com failed. @ https://www.metasrc.com/lol/arena/build/volibear:0
[   90674ms] [ERROR] Attestation check for Protected Audience on https://fastlane.rubiconproject.com failed. @ https://www.metasrc.com/lol/arena/build/volibear:0
[   90674ms] [ERROR] Attestation check for Protected Audience on https://htlb.casalemedia.com failed. @ https://www.metasrc.com/lol/arena/build/volibear:0
[   90677ms] [ERROR] Attestation check for Protected Audience on https://grid-bidder.criteo.com failed. @ https://www.metasrc.com/lol/arena/build/volibear:0
[   90677ms] [ERROR] Attestation check for Protected Audience on https://hbopenbid.pubmatic.com failed. @ https://www.metasrc.com/lol/arena/build/volibear:0
[   90899ms] [ERROR] Attestation check for Protected Audience on https://htlb.casalemedia.com failed. @ https://www.metasrc.com/lol/arena/build/volibear:0
[   90899ms] [ERROR] Attestation check for Protected Audience on https://fastlane.rubiconproject.com failed. @ https://www.metasrc.com/lol/arena/build/volibear:0
[   90899ms] [ERROR] Attestation check for Protected Audience on https://rtb.openx.net failed. @ https://www.metasrc.com/lol/arena/build/volibear:0
[   90899ms] [ERROR] Attestation check for Protected Audience on https://btlr.sharethrough.com failed. @ https://www.metasrc.com/lol/arena/build/volibear:0
[   90899ms] [ERROR] Attestation check for Protected Audience on https://s.seedtag.com failed. @ https://www.metasrc.com/lol/arena/build/volibear:0
[   90902ms] [ERROR] Attestation check for Protected Audience on https://grid-bidder.criteo.com failed. @ https://www.metasrc.com/lol/arena/build/volibear:0
[   90902ms] [ERROR] Attestation check for Protected Audience on https://hbopenbid.pubmatic.com failed. @ https://www.metasrc.com/lol/arena/build/volibear:0
[   91024ms] [ERROR] Attestation check for Protected Audience on https://fastlane.rubiconproject.com failed. @ https://www.metasrc.com/lol/arena/build/volibear:0
[   91024ms] [ERROR] Attestation check for Protected Audience on https://btlr.sharethrough.com failed. @ https://www.metasrc.com/lol/arena/build/volibear:0
[   91024ms] [ERROR] Attestation check for Protected Audience on https://s.seedtag.com failed. @ https://www.metasrc.com/lol/arena/build/volibear:0
[   91024ms] [ERROR] Attestation check for Protected Audience on https://rtb.openx.net failed. @ https://www.metasrc.com/lol/arena/build/volibear:0
[   91024ms] [ERROR] Attestation check for Protected Audience on https://htlb.casalemedia.com failed. @ https://www.metasrc.com/lol/arena/build/volibear:0
[   91026ms] [ERROR] Attestation check for Protected Audience on https://hbopenbid.pubmatic.com failed. @ https://www.metasrc.com/lol/arena/build/volibear:0
[   91026ms] [ERROR] Attestation check for Protected Audience on https://grid-bidder.criteo.com failed. @ https://www.metasrc.com/lol/arena/build/volibear:0
[    4326ms] [ERROR] Attestation check for Shared Storage on https://www.googleadservices.com failed. @ https://www.googleadservices.com/pagead/managed/js/activeview/current/reach_worklet.html:0
[    4336ms] [ERROR] Attestation check for Shared Storage on https://www.googleadservices.com failed. @ https://www.googleadservices.com/pagead/managed/js/activeview/current/reach_worklet.html:0
[    4340ms] [ERROR] Attestation check for Shared Storage on https://www.googleadservices.com failed. @ https://www.googleadservices.com/pagead/managed/js/activeview/current/reach_worklet.html:0
[    4347ms] [ERROR] Attestation check for Shared Storage on https://www.googleadservices.com failed. @ https://www.googleadservices.com/pagead/managed/js/activeview/current/reach_worklet.html:0
[   33271ms] [ERROR] Attestation check for Shared Storage on https://www.googleadservices.com failed. @ https://www.googleadservices.com/pagead/managed/js/activeview/current/reach_worklet.html:0
[   33434ms] [ERROR] Attestation check for Shared Storage on https://www.googleadservices.com failed. @ https://www.googleadservices.com/pagead/managed/js/activeview/current/reach_worklet.html:0
[   33548ms] [ERROR] Attestation check for Shared Storage on https://www.googleadservices.com failed. @ https://www.googleadservices.com/pagead/managed/js/activeview/current/reach_worklet.html:0
[   33793ms] [ERROR] Attestation check for Shared Storage on https://www.googleadservices.com failed. @ https://www.googleadservices.com/pagead/managed/js/activeview/current/reach_worklet.html:0
[   63619ms] [ERROR] Attestation check for Shared Storage on https://www.googleadservices.com failed. @ https://www.googleadservices.com/pagead/managed/js/activeview/current/reach_worklet.html:0
[   63738ms] [ERROR] Attestation check for Shared Storage on https://www.googleadservices.com failed. @ https://www.googleadservices.com/pagead/managed/js/activeview/current/reach_worklet.html:0
[   64094ms] [ERROR] Attestation check for Shared Storage on https://www.googleadservices.com failed. @ https://www.googleadservices.com/pagead/managed/js/activeview/current/reach_worklet.html:0
[   64370ms] [ERROR] Attestation check for Shared Storage on https://www.googleadservices.com failed. @ https://www.googleadservices.com/pagead/managed/js/activeview/current/reach_worklet.html:0
[   94069ms] [ERROR] Attestation check for Shared Storage on https://www.googleadservices.com failed. @ https://www.googleadservices.com/pagead/managed/js/activeview/current/reach_worklet.html:0
[    4326ms] [ERROR] Attestation check for Shared Storage on https://www.googleadservices.com failed. @ https://www.googleadservices.com/pagead/managed/js/activeview/current/reach_worklet.html:0
[    4336ms] [ERROR] Attestation check for Shared Storage on https://www.googleadservices.com failed. @ https://www.googleadservices.com/pagead/managed/js/activeview/current/reach_worklet.html:0
[    4340ms] [ERROR] Attestation check for Shared Storage on https://www.googleadservices.com failed. @ https://www.googleadservices.com/pagead/managed/js/activeview/current/reach_worklet.html:0
[    4347ms] [ERROR] Attestation check for Shared Storage on https://www.googleadservices.com failed. @ https://www.googleadservices.com/pagead/managed/js/activeview/current/reach_worklet.html:0
[   33271ms] [ERROR] Attestation check for Shared Storage on https://www.googleadservices.com failed. @ https://www.googleadservices.com/pagead/managed/js/activeview/current/reach_worklet.html:0
[   33434ms] [ERROR] Attestation check for Shared Storage on https://www.googleadservices.com failed. @ https://www.googleadservices.com/pagead/managed/js/activeview/current/reach_worklet.html:0
[   33548ms] [ERROR] Attestation check for Shared Storage on https://www.googleadservices.com failed. @ https://www.googleadservices.com/pagead/managed/js/activeview/current/reach_worklet.html:0
[   33793ms] [ERROR] Attestation check for Shared Storage on https://www.googleadservices.com failed. @ https://www.googleadservices.com/pagead/managed/js/activeview/current/reach_worklet.html:0
[   63619ms] [ERROR] Attestation check for Shared Storage on https://www.googleadservices.com failed. @ https://www.googleadservices.com/pagead/managed/js/activeview/current/reach_worklet.html:0
[   63738ms] [ERROR] Attestation check for Shared Storage on https://www.googleadservices.com failed. @ https://www.googleadservices.com/pagead/managed/js/activeview/current/reach_worklet.html:0
[   64094ms] [ERROR] Attestation check for Shared Storage on https://www.googleadservices.com failed. @ https://www.googleadservices.com/pagead/managed/js/activeview/current/reach_worklet.html:0
[   64370ms] [ERROR] Attestation check for Shared Storage on https://www.googleadservices.com failed. @ https://www.googleadservices.com/pagead/managed/js/activeview/current/reach_worklet.html:0
[   94069ms] [ERROR] Attestation check for Shared Storage on https://www.googleadservices.com failed. @ https://www.googleadservices.com/pagead/managed/js/activeview/current/reach_worklet.html:0
[   94161ms] [ERROR] Attestation check for Attribution Reporting on https://ad.doubleclick.net failed. @ https://www.metasrc.com/lol/arena/build/volibear:0
[   94172ms] [ERROR] Attestation check for Shared Storage on https://www.googleadservices.com failed. @ https://www.googleadservices.com/pagead/managed/js/activeview/current/reach_worklet.html:0
[   94186ms] [ERROR] Attestation check for Attribution Reporting on https://ad.doubleclick.net failed. @ https://www.metasrc.com/lol/arena/build/volibear:0
[   94203ms] [ERROR] Attestation check for Attribution Reporting on https://ad.doubleclick.net failed. @ https://www.metasrc.com/lol/arena/build/volibear:0
[    4326ms] [ERROR] Attestation check for Shared Storage on https://www.googleadservices.com failed. @ https://www.googleadservices.com/pagead/managed/js/activeview/current/reach_worklet.html:0
[    4336ms] [ERROR] Attestation check for Shared Storage on https://www.googleadservices.com failed. @ https://www.googleadservices.com/pagead/managed/js/activeview/current/reach_worklet.html:0
[    4340ms] [ERROR] Attestation check for Shared Storage on https://www.googleadservices.com failed. @ https://www.googleadservices.com/pagead/managed/js/activeview/current/reach_worklet.html:0
[    4347ms] [ERROR] Attestation check for Shared Storage on https://www.googleadservices.com failed. @ https://www.googleadservices.com/pagead/managed/js/activeview/current/reach_worklet.html:0
[   33271ms] [ERROR] Attestation check for Shared Storage on https://www.googleadservices.com failed. @ https://www.googleadservices.com/pagead/managed/js/activeview/current/reach_worklet.html:0
[   33434ms] [ERROR] Attestation check for Shared Storage on https://www.googleadservices.com failed. @ https://www.googleadservices.com/pagead/managed/js/activeview/current/reach_worklet.html:0
[   33548ms] [ERROR] Attestation check for Shared Storage on https://www.googleadservices.com failed. @ https://www.googleadservices.com/pagead/managed/js/activeview/current/reach_worklet.html:0
[   33793ms] [ERROR] Attestation check for Shared Storage on https://www.googleadservices.com failed. @ https://www.googleadservices.com/pagead/managed/js/activeview/current/reach_worklet.html:0
[   63619ms] [ERROR] Attestation check for Shared Storage on https://www.googleadservices.com failed. @ https://www.googleadservices.com/pagead/managed/js/activeview/current/reach_worklet.html:0
[   63738ms] [ERROR] Attestation check for Shared Storage on https://www.googleadservices.com failed. @ https://www.googleadservices.com/pagead/managed/js/activeview/current/reach_worklet.html:0
[   64094ms] [ERROR] Attestation check for Shared Storage on https://www.googleadservices.com failed. @ https://www.googleadservices.com/pagead/managed/js/activeview/current/reach_worklet.html:0
[   64370ms] [ERROR] Attestation check for Shared Storage on https://www.googleadservices.com failed. @ https://www.googleadservices.com/pagead/managed/js/activeview/current/reach_worklet.html:0
[   94069ms] [ERROR] Attestation check for Shared Storage on https://www.googleadservices.com failed. @ https://www.googleadservices.com/pagead/managed/js/activeview/current/reach_worklet.html:0
[   94172ms] [ERROR] Attestation check for Shared Storage on https://www.googleadservices.com failed. @ https://www.googleadservices.com/pagead/managed/js/activeview/current/reach_worklet.html:0
[   94255ms] [ERROR] Attestation check for Attribution Reporting on https://ad.doubleclick.net failed. @ https://www.metasrc.com/lol/arena/build/volibear:0
[   94382ms] [ERROR] Attestation check for Attribution Reporting on https://ad.doubleclick.net failed. @ https://www.metasrc.com/lol/arena/build/volibear:0
[   94451ms] [ERROR] Attestation check for Shared Storage on https://www.googleadservices.com failed. @ https://www.googleadservices.com/pagead/managed/js/activeview/current/reach_worklet.html:0
[    4326ms] [ERROR] Attestation check for Shared Storage on https://www.googleadservices.com failed. @ https://www.googleadservices.com/pagead/managed/js/activeview/current/reach_worklet.html:0
[    4336ms] [ERROR] Attestation check for Shared Storage on https://www.googleadservices.com failed. @ https://www.googleadservices.com/pagead/managed/js/activeview/current/reach_worklet.html:0
[    4340ms] [ERROR] Attestation check for Shared Storage on https://www.googleadservices.com failed. @ https://www.googleadservices.com/pagead/managed/js/activeview/current/reach_worklet.html:0
[    4347ms] [ERROR] Attestation check for Shared Storage on https://www.googleadservices.com failed. @ https://www.googleadservices.com/pagead/managed/js/activeview/current/reach_worklet.html:0
[   33271ms] [ERROR] Attestation check for Shared Storage on https://www.googleadservices.com failed. @ https://www.googleadservices.com/pagead/managed/js/activeview/current/reach_worklet.html:0
[   33434ms] [ERROR] Attestation check for Shared Storage on https://www.googleadservices.com failed. @ https://www.googleadservices.com/pagead/managed/js/activeview/current/reach_worklet.html:0
[   33548ms] [ERROR] Attestation check for Shared Storage on https://www.googleadservices.com failed. @ https://www.googleadservices.com/pagead/managed/js/activeview/current/reach_worklet.html:0
[   33793ms] [ERROR] Attestation check for Shared Storage on https://www.googleadservices.com failed. @ https://www.googleadservices.com/pagead/managed/js/activeview/current/reach_worklet.html:0
[   63619ms] [ERROR] Attestation check for Shared Storage on https://www.googleadservices.com failed. @ https://www.googleadservices.com/pagead/managed/js/activeview/current/reach_worklet.html:0
[   63738ms] [ERROR] Attestation check for Shared Storage on https://www.googleadservices.com failed. @ https://www.googleadservices.com/pagead/managed/js/activeview/current/reach_worklet.html:0
[   64094ms] [ERROR] Attestation check for Shared Storage on https://www.googleadservices.com failed. @ https://www.googleadservices.com/pagead/managed/js/activeview/current/reach_worklet.html:0
[   64370ms] [ERROR] Attestation check for Shared Storage on https://www.googleadservices.com failed. @ https://www.googleadservices.com/pagead/managed/js/activeview/current/reach_worklet.html:0
[   94069ms] [ERROR] Attestation check for Shared Storage on https://www.googleadservices.com failed. @ https://www.googleadservices.com/pagead/managed/js/activeview/current/reach_worklet.html:0
[   94172ms] [ERROR] Attestation check for Shared Storage on https://www.googleadservices.com failed. @ https://www.googleadservices.com/pagead/managed/js/activeview/current/reach_worklet.html:0
[   94451ms] [ERROR] Attestation check for Shared Storage on https://www.googleadservices.com failed. @ https://www.googleadservices.com/pagead/managed/js/activeview/current/reach_worklet.html:0
[   94561ms] [ERROR] Attestation check for Attribution Reporting on https://ad.doubleclick.net failed. @ https://www.metasrc.com/lol/arena/build/volibear:0
[   94633ms] [ERROR] Attestation check for Shared Storage on https://www.googleadservices.com failed. @ https://www.googleadservices.com/pagead/managed/js/activeview/current/reach_worklet.html:0
[  121011ms] [ERROR] Attestation check for Protected Audience on https://fastlane.rubiconproject.com failed. @ https://www.metasrc.com/lol/arena/build/volibear:0
[  121011ms] [ERROR] Attestation check for Protected Audience on https://s.seedtag.com failed. @ https://www.metasrc.com/lol/arena/build/volibear:0
[  121011ms] [ERROR] Attestation check for Protected Audience on https://btlr.sharethrough.com failed. @ https://www.metasrc.com/lol/arena/build/volibear:0
[  121011ms] [ERROR] Attestation check for Protected Audience on https://htlb.casalemedia.com failed. @ https://www.metasrc.com/lol/arena/build/volibear:0
[  121011ms] [ERROR] Attestation check for Protected Audience on https://rtb.openx.net failed. @ https://www.metasrc.com/lol/arena/build/volibear:0
[  121013ms] [ERROR] Attestation check for Protected Audience on https://hbopenbid.pubmatic.com failed. @ https://www.metasrc.com/lol/arena/build/volibear:0
[  121013ms] [ERROR] Attestation check for Protected Audience on https://grid-bidder.criteo.com failed. @ https://www.metasrc.com/lol/arena/build/volibear:0
[  121110ms] [ERROR] Attestation check for Protected Audience on https://htlb.casalemedia.com failed. @ https://www.metasrc.com/lol/arena/build/volibear:0
[  121111ms] [ERROR] Attestation check for Protected Audience on https://s.seedtag.com failed. @ https://www.metasrc.com/lol/arena/build/volibear:0
[  121111ms] [ERROR] Attestation check for Protected Audience on https://rtb.openx.net failed. @ https://www.metasrc.com/lol/arena/build/volibear:0
[  121111ms] [ERROR] Attestation check for Protected Audience on https://fastlane.rubiconproject.com failed. @ https://www.metasrc.com/lol/arena/build/volibear:0
[  121111ms] [ERROR] Attestation check for Protected Audience on https://btlr.sharethrough.com failed. @ https://www.metasrc.com/lol/arena/build/volibear:0
[  121114ms] [ERROR] Attestation check for Protected Audience on https://hbopenbid.pubmatic.com failed. @ https://www.metasrc.com/lol/arena/build/volibear:0
[  121116ms] [ERROR] Attestation check for Protected Audience on https://grid-bidder.criteo.com failed. @ https://www.metasrc.com/lol/arena/build/volibear:0
[  121164ms] [ERROR] Attestation check for Protected Audience on https://s.seedtag.com failed. @ https://www.metasrc.com/lol/arena/build/volibear:0
[  121164ms] [ERROR] Attestation check for Protected Audience on https://fastlane.rubiconproject.com failed. @ https://www.metasrc.com/lol/arena/build/volibear:0
[  121164ms] [ERROR] Attestation check for Protected Audience on https://btlr.sharethrough.com failed. @ https://www.metasrc.com/lol/arena/build/volibear:0
[  121164ms] [ERROR] Attestation check for Protected Audience on https://rtb.openx.net failed. @ https://www.metasrc.com/lol/arena/build/volibear:0
[  121164ms] [ERROR] Attestation check for Protected Audience on https://htlb.casalemedia.com failed. @ https://www.metasrc.com/lol/arena/build/volibear:0
[  121166ms] [ERROR] Attestation check for Protected Audience on https://grid-bidder.criteo.com failed. @ https://www.metasrc.com/lol/arena/build/volibear:0
[  121167ms] [ERROR] Attestation check for Protected Audience on https://hbopenbid.pubmatic.com failed. @ https://www.metasrc.com/lol/arena/build/volibear:0
[  121516ms] [ERROR] Attestation check for Protected Audience on https://s.seedtag.com failed. @ https://www.metasrc.com/lol/arena/build/volibear:0
[  121516ms] [ERROR] Attestation check for Protected Audience on https://htlb.casalemedia.com failed. @ https://www.metasrc.com/lol/arena/build/volibear:0
[  121516ms] [ERROR] Attestation check for Protected Audience on https://fastlane.rubiconproject.com failed. @ https://www.metasrc.com/lol/arena/build/volibear:0
[  121516ms] [ERROR] Attestation check for Protected Audience on https://rtb.openx.net failed. @ https://www.metasrc.com/lol/arena/build/volibear:0
[  121516ms] [ERROR] Attestation check for Protected Audience on https://btlr.sharethrough.com failed. @ https://www.metasrc.com/lol/arena/build/volibear:0
[  121518ms] [ERROR] Attestation check for Protected Audience on https://grid-bidder.criteo.com failed. @ https://www.metasrc.com/lol/arena/build/volibear:0
[  121519ms] [ERROR] Attestation check for Protected Audience on https://hbopenbid.pubmatic.com failed. @ https://www.metasrc.com/lol/arena/build/volibear:0
[    4326ms] [ERROR] Attestation check for Shared Storage on https://www.googleadservices.com failed. @ https://www.googleadservices.com/pagead/managed/js/activeview/current/reach_worklet.html:0
[    4336ms] [ERROR] Attestation check for Shared Storage on https://www.googleadservices.com failed. @ https://www.googleadservices.com/pagead/managed/js/activeview/current/reach_worklet.html:0
[    4340ms] [ERROR] Attestation check for Shared Storage on https://www.googleadservices.com failed. @ https://www.googleadservices.com/pagead/managed/js/activeview/current/reach_worklet.html:0
[    4347ms] [ERROR] Attestation check for Shared Storage on https://www.googleadservices.com failed. @ https://www.googleadservices.com/pagead/managed/js/activeview/current/reach_worklet.html:0
[   33271ms] [ERROR] Attestation check for Shared Storage on https://www.googleadservices.com failed. @ https://www.googleadservices.com/pagead/managed/js/activeview/current/reach_worklet.html:0
[   33434ms] [ERROR] Attestation check for Shared Storage on https://www.googleadservices.com failed. @ https://www.googleadservices.com/pagead/managed/js/activeview/current/reach_worklet.html:0
[   33548ms] [ERROR] Attestation check for Shared Storage on https://www.googleadservices.com failed. @ https://www.googleadservices.com/pagead/managed/js/activeview/current/reach_worklet.html:0
[   33793ms] [ERROR] Attestation check for Shared Storage on https://www.googleadservices.com failed. @ https://www.googleadservices.com/pagead/managed/js/activeview/current/reach_worklet.html:0
[   63619ms] [ERROR] Attestation check for Shared Storage on https://www.googleadservices.com failed. @ https://www.googleadservices.com/pagead/managed/js/activeview/current/reach_worklet.html:0
[   63738ms] [ERROR] Attestation check for Shared Storage on https://www.googleadservices.com failed. @ https://www.googleadservices.com/pagead/managed/js/activeview/current/reach_worklet.html:0
[   64094ms] [ERROR] Attestation check for Shared Storage on https://www.googleadservices.com failed. @ https://www.googleadservices.com/pagead/managed/js/activeview/current/reach_worklet.html:0
[   64370ms] [ERROR] Attestation check for Shared Storage on https://www.googleadservices.com failed. @ https://www.googleadservices.com/pagead/managed/js/activeview/current/reach_worklet.html:0
[   94069ms] [ERROR] Attestation check for Shared Storage on https://www.googleadservices.com failed. @ https://www.googleadservices.com/pagead/managed/js/activeview/current/reach_worklet.html:0
[   94172ms] [ERROR] Attestation check for Shared Storage on https://www.googleadservices.com failed. @ https://www.googleadservices.com/pagead/managed/js/activeview/current/reach_worklet.html:0
[   94451ms] [ERROR] Attestation check for Shared Storage on https://www.googleadservices.com failed. @ https://www.googleadservices.com/pagead/managed/js/activeview/current/reach_worklet.html:0
[   94633ms] [ERROR] Attestation check for Shared Storage on https://www.googleadservices.com failed. @ https://www.googleadservices.com/pagead/managed/js/activeview/current/reach_worklet.html:0
[    4326ms] [ERROR] Attestation check for Shared Storage on https://www.googleadservices.com failed. @ https://www.googleadservices.com/pagead/managed/js/activeview/current/reach_worklet.html:0
[    4336ms] [ERROR] Attestation check for Shared Storage on https://www.googleadservices.com failed. @ https://www.googleadservices.com/pagead/managed/js/activeview/current/reach_worklet.html:0
[    4340ms] [ERROR] Attestation check for Shared Storage on https://www.googleadservices.com failed. @ https://www.googleadservices.com/pagead/managed/js/activeview/current/reach_worklet.html:0
[    4347ms] [ERROR] Attestation check for Shared Storage on https://www.googleadservices.com failed. @ https://www.googleadservices.com/pagead/managed/js/activeview/current/reach_worklet.html:0
[   33271ms] [ERROR] Attestation check for Shared Storage on https://www.googleadservices.com failed. @ https://www.googleadservices.com/pagead/managed/js/activeview/current/reach_worklet.html:0
[   33434ms] [ERROR] Attestation check for Shared Storage on https://www.googleadservices.com failed. @ https://www.googleadservices.com/pagead/managed/js/activeview/current/reach_worklet.html:0
[   33548ms] [ERROR] Attestation check for Shared Storage on https://www.googleadservices.com failed. @ https://www.googleadservices.com/pagead/managed/js/activeview/current/reach_worklet.html:0
[   33793ms] [ERROR] Attestation check for Shared Storage on https://www.googleadservices.com failed. @ https://www.googleadservices.com/pagead/managed/js/activeview/current/reach_worklet.html:0
[   63619ms] [ERROR] Attestation check for Shared Storage on https://www.googleadservices.com failed. @ https://www.googleadservices.com/pagead/managed/js/activeview/current/reach_worklet.html:0
[   63738ms] [ERROR] Attestation check for Shared Storage on https://www.googleadservices.com failed. @ https://www.googleadservices.com/pagead/managed/js/activeview/current/reach_worklet.html:0
[   64094ms] [ERROR] Attestation check for Shared Storage on https://www.googleadservices.com failed. @ https://www.googleadservices.com/pagead/managed/js/activeview/current/reach_worklet.html:0
[   64370ms] [ERROR] Attestation check for Shared Storage on https://www.googleadservices.com failed. @ https://www.googleadservices.com/pagead/managed/js/activeview/current/reach_worklet.html:0
[   94069ms] [ERROR] Attestation check for Shared Storage on https://www.googleadservices.com failed. @ https://www.googleadservices.com/pagead/managed/js/activeview/current/reach_worklet.html:0
[   94172ms] [ERROR] Attestation check for Shared Storage on https://www.googleadservices.com failed. @ https://www.googleadservices.com/pagead/managed/js/activeview/current/reach_worklet.html:0
[   94451ms] [ERROR] Attestation check for Shared Storage on https://www.googleadservices.com failed. @ https://www.googleadservices.com/pagead/managed/js/activeview/current/reach_worklet.html:0
[   94633ms] [ERROR] Attestation check for Shared Storage on https://www.googleadservices.com failed. @ https://www.googleadservices.com/pagead/managed/js/activeview/current/reach_worklet.html:0
[  124463ms] [ERROR] Attestation check for Shared Storage on https://www.googleadservices.com failed. @ https://www.googleadservices.com/pagead/managed/js/activeview/current/reach_worklet.html:0
[    4326ms] [ERROR] Attestation check for Shared Storage on https://www.googleadservices.com failed. @ https://www.googleadservices.com/pagead/managed/js/activeview/current/reach_worklet.html:0
[    4336ms] [ERROR] Attestation check for Shared Storage on https://www.googleadservices.com failed. @ https://www.googleadservices.com/pagead/managed/js/activeview/current/reach_worklet.html:0
[    4340ms] [ERROR] Attestation check for Shared Storage on https://www.googleadservices.com failed. @ https://www.googleadservices.com/pagead/managed/js/activeview/current/reach_worklet.html:0
[    4347ms] [ERROR] Attestation check for Shared Storage on https://www.googleadservices.com failed. @ https://www.googleadservices.com/pagead/managed/js/activeview/current/reach_worklet.html:0
[   33271ms] [ERROR] Attestation check for Shared Storage on https://www.googleadservices.com failed. @ https://www.googleadservices.com/pagead/managed/js/activeview/current/reach_worklet.html:0
[   33434ms] [ERROR] Attestation check for Shared Storage on https://www.googleadservices.com failed. @ https://www.googleadservices.com/pagead/managed/js/activeview/current/reach_worklet.html:0
[   33548ms] [ERROR] Attestation check for Shared Storage on https://www.googleadservices.com failed. @ https://www.googleadservices.com/pagead/managed/js/activeview/current/reach_worklet.html:0
[   33793ms] [ERROR] Attestation check for Shared Storage on https://www.googleadservices.com failed. @ https://www.googleadservices.com/pagead/managed/js/activeview/current/reach_worklet.html:0
[   63619ms] [ERROR] Attestation check for Shared Storage on https://www.googleadservices.com failed. @ https://www.googleadservices.com/pagead/managed/js/activeview/current/reach_worklet.html:0
[   63738ms] [ERROR] Attestation check for Shared Storage on https://www.googleadservices.com failed. @ https://www.googleadservices.com/pagead/managed/js/activeview/current/reach_worklet.html:0
[   64094ms] [ERROR] Attestation check for Shared Storage on https://www.googleadservices.com failed. @ https://www.googleadservices.com/pagead/managed/js/activeview/current/reach_worklet.html:0
[   64370ms] [ERROR] Attestation check for Shared Storage on https://www.googleadservices.com failed. @ https://www.googleadservices.com/pagead/managed/js/activeview/current/reach_worklet.html:0
[   94069ms] [ERROR] Attestation check for Shared Storage on https://www.googleadservices.com failed. @ https://www.googleadservices.com/pagead/managed/js/activeview/current/reach_worklet.html:0
[   94172ms] [ERROR] Attestation check for Shared Storage on https://www.googleadservices.com failed. @ https://www.googleadservices.com/pagead/managed/js/activeview/current/reach_worklet.html:0
[   94451ms] [ERROR] Attestation check for Shared Storage on https://www.googleadservices.com failed. @ https://www.googleadservices.com/pagead/managed/js/activeview/current/reach_worklet.html:0
[   94633ms] [ERROR] Attestation check for Shared Storage on https://www.googleadservices.com failed. @ https://www.googleadservices.com/pagead/managed/js/activeview/current/reach_worklet.html:0
[  124463ms] [ERROR] Attestation check for Shared Storage on https://www.googleadservices.com failed. @ https://www.googleadservices.com/pagead/managed/js/activeview/current/reach_worklet.html:0
[  124623ms] [ERROR] Attestation check for Attribution Reporting on https://ad.doubleclick.net failed. @ https://www.metasrc.com/lol/arena/build/volibear:0
[  124617ms] [ERROR] Attestation check for Shared Storage on https://www.googleadservices.com failed. @ https://www.googleadservices.com/pagead/managed/js/activeview/current/reach_worklet.html:0
[  124689ms] [ERROR] Attestation check for Shared Storage on https://www.googleadservices.com failed. @ https://www.googleadservices.com/pagead/managed/js/activeview/current/reach_worklet.html:0
[  124731ms] [INFO] Magnite Apex 3.0.1 @ https://video-outstream.rubiconproject.com/apex.js:0
[  124779ms] [ERROR] Attestation check for Attribution Reporting on https://ad.doubleclick.net failed. @ https://www.metasrc.com/lol/arena/build/volibear:0
[  124792ms] [ERROR] Attestation check for Attribution Reporting on https://ad.doubleclick.net failed. @ https://www.metasrc.com/lol/arena/build/volibear:0
[  124833ms] [ERROR] Attestation check for Attribution Reporting on https://ad.doubleclick.net failed. @ https://www.metasrc.com/lol/arena/build/volibear:0
[  151445ms] [ERROR] Attestation check for Protected Audience on https://htlb.casalemedia.com failed. @ https://www.metasrc.com/lol/arena/build/volibear:0
[  151445ms] [ERROR] Attestation check for Protected Audience on https://btlr.sharethrough.com failed. @ https://www.metasrc.com/lol/arena/build/volibear:0
[  151445ms] [ERROR] Attestation check for Protected Audience on https://s.seedtag.com failed. @ https://www.metasrc.com/lol/arena/build/volibear:0
[  151445ms] [ERROR] Attestation check for Protected Audience on https://fastlane.rubiconproject.com failed. @ https://www.metasrc.com/lol/arena/build/volibear:0
[  151445ms] [ERROR] Attestation check for Protected Audience on https://rtb.openx.net failed. @ https://www.metasrc.com/lol/arena/build/volibear:0
[  151447ms] [ERROR] Attestation check for Protected Audience on https://hbopenbid.pubmatic.com failed. @ https://www.metasrc.com/lol/arena/build/volibear:0
[  151448ms] [ERROR] Attestation check for Protected Audience on https://grid-bidder.criteo.com failed. @ https://www.metasrc.com/lol/arena/build/volibear:0
[  151492ms] [ERROR] Attestation check for Protected Audience on https://btlr.sharethrough.com failed. @ https://www.metasrc.com/lol/arena/build/volibear:0
[  151492ms] [ERROR] Attestation check for Protected Audience on https://fastlane.rubiconproject.com failed. @ https://www.metasrc.com/lol/arena/build/volibear:0
[  151492ms] [ERROR] Attestation check for Protected Audience on https://rtb.openx.net failed. @ https://www.metasrc.com/lol/arena/build/volibear:0
[  151493ms] [ERROR] Attestation check for Protected Audience on https://htlb.casalemedia.com failed. @ https://www.metasrc.com/lol/arena/build/volibear:0
[  151493ms] [ERROR] Attestation check for Protected Audience on https://s.seedtag.com failed. @ https://www.metasrc.com/lol/arena/build/volibear:0
[  151495ms] [ERROR] Attestation check for Protected Audience on https://hbopenbid.pubmatic.com failed. @ https://www.metasrc.com/lol/arena/build/volibear:0
[  151496ms] [ERROR] Attestation check for Protected Audience on https://grid-bidder.criteo.com failed. @ https://www.metasrc.com/lol/arena/build/volibear:0
[  151677ms] [ERROR] Attestation check for Protected Audience on https://btlr.sharethrough.com failed. @ https://www.metasrc.com/lol/arena/build/volibear:0
[  151677ms] [ERROR] Attestation check for Protected Audience on https://rtb.openx.net failed. @ https://www.metasrc.com/lol/arena/build/volibear:0
[  151677ms] [ERROR] Attestation check for Protected Audience on https://htlb.casalemedia.com failed. @ https://www.metasrc.com/lol/arena/build/volibear:0
[  151677ms] [ERROR] Attestation check for Protected Audience on https://fastlane.rubiconproject.com failed. @ https://www.metasrc.com/lol/arena/build/volibear:0
[  151677ms] [ERROR] Attestation check for Protected Audience on https://s.seedtag.com failed. @ https://www.metasrc.com/lol/arena/build/volibear:0
[  151682ms] [ERROR] Attestation check for Protected Audience on https://hbopenbid.pubmatic.com failed. @ https://www.metasrc.com/lol/arena/build/volibear:0
[  151683ms] [ERROR] Attestation check for Protected Audience on https://grid-bidder.criteo.com failed. @ https://www.metasrc.com/lol/arena/build/volibear:0
[  152110ms] [ERROR] Attestation check for Protected Audience on https://btlr.sharethrough.com failed. @ https://www.metasrc.com/lol/arena/build/volibear:0
[  152110ms] [ERROR] Attestation check for Protected Audience on https://s.seedtag.com failed. @ https://www.metasrc.com/lol/arena/build/volibear:0
[  152110ms] [ERROR] Attestation check for Protected Audience on https://htlb.casalemedia.com failed. @ https://www.metasrc.com/lol/arena/build/volibear:0
[  152110ms] [ERROR] Attestation check for Protected Audience on https://rtb.openx.net failed. @ https://www.metasrc.com/lol/arena/build/volibear:0
[  152111ms] [ERROR] Attestation check for Protected Audience on https://fastlane.rubiconproject.com failed. @ https://www.metasrc.com/lol/arena/build/volibear:0
[  152114ms] [ERROR] Attestation check for Protected Audience on https://grid-bidder.criteo.com failed. @ https://www.metasrc.com/lol/arena/build/volibear:0
[  152114ms] [ERROR] Attestation check for Protected Audience on https://hbopenbid.pubmatic.com failed. @ https://www.metasrc.com/lol/arena/build/volibear:0
[    4326ms] [ERROR] Attestation check for Shared Storage on https://www.googleadservices.com failed. @ https://www.googleadservices.com/pagead/managed/js/activeview/current/reach_worklet.html:0
[    4336ms] [ERROR] Attestation check for Shared Storage on https://www.googleadservices.com failed. @ https://www.googleadservices.com/pagead/managed/js/activeview/current/reach_worklet.html:0
[    4340ms] [ERROR] Attestation check for Shared Storage on https://www.googleadservices.com failed. @ https://www.googleadservices.com/pagead/managed/js/activeview/current/reach_worklet.html:0
[    4347ms] [ERROR] Attestation check for Shared Storage on https://www.googleadservices.com failed. @ https://www.googleadservices.com/pagead/managed/js/activeview/current/reach_worklet.html:0
[   33271ms] [ERROR] Attestation check for Shared Storage on https://www.googleadservices.com failed. @ https://www.googleadservices.com/pagead/managed/js/activeview/current/reach_worklet.html:0
[   33434ms] [ERROR] Attestation check for Shared Storage on https://www.googleadservices.com failed. @ https://www.googleadservices.com/pagead/managed/js/activeview/current/reach_worklet.html:0
[   33548ms] [ERROR] Attestation check for Shared Storage on https://www.googleadservices.com failed. @ https://www.googleadservices.com/pagead/managed/js/activeview/current/reach_worklet.html:0
[   33793ms] [ERROR] Attestation check for Shared Storage on https://www.googleadservices.com failed. @ https://www.googleadservices.com/pagead/managed/js/activeview/current/reach_worklet.html:0
[   63619ms] [ERROR] Attestation check for Shared Storage on https://www.googleadservices.com failed. @ https://www.googleadservices.com/pagead/managed/js/activeview/current/reach_worklet.html:0
[   63738ms] [ERROR] Attestation check for Shared Storage on https://www.googleadservices.com failed. @ https://www.googleadservices.com/pagead/managed/js/activeview/current/reach_worklet.html:0
[   64094ms] [ERROR] Attestation check for Shared Storage on https://www.googleadservices.com failed. @ https://www.googleadservices.com/pagead/managed/js/activeview/current/reach_worklet.html:0
[   64370ms] [ERROR] Attestation check for Shared Storage on https://www.googleadservices.com failed. @ https://www.googleadservices.com/pagead/managed/js/activeview/current/reach_worklet.html:0
[   94069ms] [ERROR] Attestation check for Shared Storage on https://www.googleadservices.com failed. @ https://www.googleadservices.com/pagead/managed/js/activeview/current/reach_worklet.html:0
[   94172ms] [ERROR] Attestation check for Shared Storage on https://www.googleadservices.com failed. @ https://www.googleadservices.com/pagead/managed/js/activeview/current/reach_worklet.html:0
[   94451ms] [ERROR] Attestation check for Shared Storage on https://www.googleadservices.com failed. @ https://www.googleadservices.com/pagead/managed/js/activeview/current/reach_worklet.html:0
[   94633ms] [ERROR] Attestation check for Shared Storage on https://www.googleadservices.com failed. @ https://www.googleadservices.com/pagead/managed/js/activeview/current/reach_worklet.html:0
[  124463ms] [ERROR] Attestation check for Shared Storage on https://www.googleadservices.com failed. @ https://www.googleadservices.com/pagead/managed/js/activeview/current/reach_worklet.html:0
[  124617ms] [ERROR] Attestation check for Shared Storage on https://www.googleadservices.com failed. @ https://www.googleadservices.com/pagead/managed/js/activeview/current/reach_worklet.html:0
[  124689ms] [ERROR] Attestation check for Shared Storage on https://www.googleadservices.com failed. @ https://www.googleadservices.com/pagead/managed/js/activeview/current/reach_worklet.html:0
[  154808ms] [ERROR] Attestation check for Shared Storage on https://www.googleadservices.com failed. @ https://www.googleadservices.com/pagead/managed/js/activeview/current/reach_worklet.html:0
[  154902ms] [ERROR] Attestation check for Attribution Reporting on https://ad.doubleclick.net failed. @ https://www.metasrc.com/lol/arena/build/volibear:0
[    4326ms] [ERROR] Attestation check for Shared Storage on https://www.googleadservices.com failed. @ https://www.googleadservices.com/pagead/managed/js/activeview/current/reach_worklet.html:0
[    4336ms] [ERROR] Attestation check for Shared Storage on https://www.googleadservices.com failed. @ https://www.googleadservices.com/pagead/managed/js/activeview/current/reach_worklet.html:0
[    4340ms] [ERROR] Attestation check for Shared Storage on https://www.googleadservices.com failed. @ https://www.googleadservices.com/pagead/managed/js/activeview/current/reach_worklet.html:0
[    4347ms] [ERROR] Attestation check for Shared Storage on https://www.googleadservices.com failed. @ https://www.googleadservices.com/pagead/managed/js/activeview/current/reach_worklet.html:0
[   33271ms] [ERROR] Attestation check for Shared Storage on https://www.googleadservices.com failed. @ https://www.googleadservices.com/pagead/managed/js/activeview/current/reach_worklet.html:0
[   33434ms] [ERROR] Attestation check for Shared Storage on https://www.googleadservices.com failed. @ https://www.googleadservices.com/pagead/managed/js/activeview/current/reach_worklet.html:0
[   33548ms] [ERROR] Attestation check for Shared Storage on https://www.googleadservices.com failed. @ https://www.googleadservices.com/pagead/managed/js/activeview/current/reach_worklet.html:0
[   33793ms] [ERROR] Attestation check for Shared Storage on https://www.googleadservices.com failed. @ https://www.googleadservices.com/pagead/managed/js/activeview/current/reach_worklet.html:0
[   63619ms] [ERROR] Attestation check for Shared Storage on https://www.googleadservices.com failed. @ https://www.googleadservices.com/pagead/managed/js/activeview/current/reach_worklet.html:0
[   63738ms] [ERROR] Attestation check for Shared Storage on https://www.googleadservices.com failed. @ https://www.googleadservices.com/pagead/managed/js/activeview/current/reach_worklet.html:0
[   64094ms] [ERROR] Attestation check for Shared Storage on https://www.googleadservices.com failed. @ https://www.googleadservices.com/pagead/managed/js/activeview/current/reach_worklet.html:0
[   64370ms] [ERROR] Attestation check for Shared Storage on https://www.googleadservices.com failed. @ https://www.googleadservices.com/pagead/managed/js/activeview/current/reach_worklet.html:0
[   94069ms] [ERROR] Attestation check for Shared Storage on https://www.googleadservices.com failed. @ https://www.googleadservices.com/pagead/managed/js/activeview/current/reach_worklet.html:0
[   94172ms] [ERROR] Attestation check for Shared Storage on https://www.googleadservices.com failed. @ https://www.googleadservices.com/pagead/managed/js/activeview/current/reach_worklet.html:0
[   94451ms] [ERROR] Attestation check for Shared Storage on https://www.googleadservices.com failed. @ https://www.googleadservices.com/pagead/managed/js/activeview/current/reach_worklet.html:0
[   94633ms] [ERROR] Attestation check for Shared Storage on https://www.googleadservices.com failed. @ https://www.googleadservices.com/pagead/managed/js/activeview/current/reach_worklet.html:0
[  124463ms] [ERROR] Attestation check for Shared Storage on https://www.googleadservices.com failed. @ https://www.googleadservices.com/pagead/managed/js/activeview/current/reach_worklet.html:0
[  124617ms] [ERROR] Attestation check for Shared Storage on https://www.googleadservices.com failed. @ https://www.googleadservices.com/pagead/managed/js/activeview/current/reach_worklet.html:0
[  124689ms] [ERROR] Attestation check for Shared Storage on https://www.googleadservices.com failed. @ https://www.googleadservices.com/pagead/managed/js/activeview/current/reach_worklet.html:0
[  154808ms] [ERROR] Attestation check for Shared Storage on https://www.googleadservices.com failed. @ https://www.googleadservices.com/pagead/managed/js/activeview/current/reach_worklet.html:0
[  155430ms] [ERROR] Attestation check for Shared Storage on https://www.googleadservices.com failed. @ https://www.googleadservices.com/pagead/managed/js/activeview/current/reach_worklet.html:0
[  155539ms] [INFO] Magnite Apex 3.0.1 @ https://video-outstream.rubiconproject.com/apex.js:0
[  181878ms] [ERROR] Attestation check for Protected Audience on https://s.seedtag.com failed. @ https://www.metasrc.com/lol/arena/build/volibear:0
[  181878ms] [ERROR] Attestation check for Protected Audience on https://btlr.sharethrough.com failed. @ https://www.metasrc.com/lol/arena/build/volibear:0
[  181878ms] [ERROR] Attestation check for Protected Audience on https://fastlane.rubiconproject.com failed. @ https://www.metasrc.com/lol/arena/build/volibear:0
[  181878ms] [ERROR] Attestation check for Protected Audience on https://rtb.openx.net failed. @ https://www.metasrc.com/lol/arena/build/volibear:0
[  181878ms] [ERROR] Attestation check for Protected Audience on https://htlb.casalemedia.com failed. @ https://www.metasrc.com/lol/arena/build/volibear:0
[  181882ms] [ERROR] Attestation check for Protected Audience on https://grid-bidder.criteo.com failed. @ https://www.metasrc.com/lol/arena/build/volibear:0
[  181883ms] [ERROR] Attestation check for Protected Audience on https://hbopenbid.pubmatic.com failed. @ https://www.metasrc.com/lol/arena/build/volibear:0
[  182060ms] [ERROR] Attestation check for Protected Audience on https://s.seedtag.com failed. @ https://www.metasrc.com/lol/arena/build/volibear:0
[  182060ms] [ERROR] Attestation check for Protected Audience on https://btlr.sharethrough.com failed. @ https://www.metasrc.com/lol/arena/build/volibear:0
[  182060ms] [ERROR] Attestation check for Protected Audience on https://fastlane.rubiconproject.com failed. @ https://www.metasrc.com/lol/arena/build/volibear:0
[  182060ms] [ERROR] Attestation check for Protected Audience on https://rtb.openx.net failed. @ https://www.metasrc.com/lol/arena/build/volibear:0
[  182060ms] [ERROR] Attestation check for Protected Audience on https://htlb.casalemedia.com failed. @ https://www.metasrc.com/lol/arena/build/volibear:0
[  182065ms] [ERROR] Attestation check for Protected Audience on https://hbopenbid.pubmatic.com failed. @ https://www.metasrc.com/lol/arena/build/volibear:0
[  182065ms] [ERROR] Attestation check for Protected Audience on https://grid-bidder.criteo.com failed. @ https://www.metasrc.com/lol/arena/build/volibear:0
[  182544ms] [ERROR] Attestation check for Protected Audience on https://rtb.openx.net failed. @ https://www.metasrc.com/lol/arena/build/volibear:0
[  182544ms] [ERROR] Attestation check for Protected Audience on https://s.seedtag.com failed. @ https://www.metasrc.com/lol/arena/build/volibear:0
[  182544ms] [ERROR] Attestation check for Protected Audience on https://fastlane.rubiconproject.com failed. @ https://www.metasrc.com/lol/arena/build/volibear:0
[  182544ms] [ERROR] Attestation check for Protected Audience on https://btlr.sharethrough.com failed. @ https://www.metasrc.com/lol/arena/build/volibear:0
[  182544ms] [ERROR] Attestation check for Protected Audience on https://htlb.casalemedia.com failed. @ https://www.metasrc.com/lol/arena/build/volibear:0
[  182545ms] [ERROR] Attestation check for Protected Audience on https://grid-bidder.criteo.com failed. @ https://www.metasrc.com/lol/arena/build/volibear:0
[  182546ms] [ERROR] Attestation check for Protected Audience on https://hbopenbid.pubmatic.com failed. @ https://www.metasrc.com/lol/arena/build/volibear:0
[  212306ms] [ERROR] Attestation check for Protected Audience on https://btlr.sharethrough.com failed. @ https://www.metasrc.com/lol/arena/build/volibear:0
[  212306ms] [ERROR] Attestation check for Protected Audience on https://fastlane.rubiconproject.com failed. @ https://www.metasrc.com/lol/arena/build/volibear:0
[  212306ms] [ERROR] Attestation check for Protected Audience on https://s.seedtag.com failed. @ https://www.metasrc.com/lol/arena/build/volibear:0
[  212306ms] [ERROR] Attestation check for Protected Audience on https://htlb.casalemedia.com failed. @ https://www.metasrc.com/lol/arena/build/volibear:0
[  212307ms] [ERROR] Attestation check for Protected Audience on https://rtb.openx.net failed. @ https://www.metasrc.com/lol/arena/build/volibear:0
[  212313ms] [ERROR] Attestation check for Protected Audience on https://hbopenbid.pubmatic.com failed. @ https://www.metasrc.com/lol/arena/build/volibear:0
[  212314ms] [ERROR] Attestation check for Protected Audience on https://grid-bidder.criteo.com failed. @ https://www.metasrc.com/lol/arena/build/volibear:0
[  212389ms] [ERROR] Attestation check for Protected Audience on https://htlb.casalemedia.com failed. @ https://www.metasrc.com/lol/arena/build/volibear:0
[  212389ms] [ERROR] Attestation check for Protected Audience on https://fastlane.rubiconproject.com failed. @ https://www.metasrc.com/lol/arena/build/volibear:0
[  212390ms] [ERROR] Attestation check for Protected Audience on https://btlr.sharethrough.com failed. @ https://www.metasrc.com/lol/arena/build/volibear:0
[  212390ms] [ERROR] Attestation check for Protected Audience on https://rtb.openx.net failed. @ https://www.metasrc.com/lol/arena/build/volibear:0
[  212390ms] [ERROR] Attestation check for Protected Audience on https://s.seedtag.com failed. @ https://www.metasrc.com/lol/arena/build/volibear:0
[  212390ms] [ERROR] Attestation check for Protected Audience on https://hbopenbid.pubmatic.com failed. @ https://www.metasrc.com/lol/arena/build/volibear:0
[  212390ms] [ERROR] Attestation check for Protected Audience on https://grid-bidder.criteo.com failed. @ https://www.metasrc.com/lol/arena/build/volibear:0
[  212981ms] [ERROR] Attestation check for Protected Audience on https://rtb.openx.net failed. @ https://www.metasrc.com/lol/arena/build/volibear:0
[  212982ms] [ERROR] Attestation check for Protected Audience on https://htlb.casalemedia.com failed. @ https://www.metasrc.com/lol/arena/build/volibear:0
[  212983ms] [ERROR] Attestation check for Protected Audience on https://s.seedtag.com failed. @ https://www.metasrc.com/lol/arena/build/volibear:0
[  212983ms] [ERROR] Attestation check for Protected Audience on https://btlr.sharethrough.com failed. @ https://www.metasrc.com/lol/arena/build/volibear:0
[  212984ms] [ERROR] Attestation check for Protected Audience on https://fastlane.rubiconproject.com failed. @ https://www.metasrc.com/lol/arena/build/volibear:0
[  212987ms] [ERROR] Attestation check for Protected Audience on https://grid-bidder.criteo.com failed. @ https://www.metasrc.com/lol/arena/build/volibear:0
[  212988ms] [ERROR] Attestation check for Protected Audience on https://hbopenbid.pubmatic.com failed. @ https://www.metasrc.com/lol/arena/build/volibear:0
[    4326ms] [ERROR] Attestation check for Shared Storage on https://www.googleadservices.com failed. @ https://www.googleadservices.com/pagead/managed/js/activeview/current/reach_worklet.html:0
[    4336ms] [ERROR] Attestation check for Shared Storage on https://www.googleadservices.com failed. @ https://www.googleadservices.com/pagead/managed/js/activeview/current/reach_worklet.html:0
[    4340ms] [ERROR] Attestation check for Shared Storage on https://www.googleadservices.com failed. @ https://www.googleadservices.com/pagead/managed/js/activeview/current/reach_worklet.html:0
[    4347ms] [ERROR] Attestation check for Shared Storage on https://www.googleadservices.com failed. @ https://www.googleadservices.com/pagead/managed/js/activeview/current/reach_worklet.html:0
[   33271ms] [ERROR] Attestation check for Shared Storage on https://www.googleadservices.com failed. @ https://www.googleadservices.com/pagead/managed/js/activeview/current/reach_worklet.html:0
[   33434ms] [ERROR] Attestation check for Shared Storage on https://www.googleadservices.com failed. @ https://www.googleadservices.com/pagead/managed/js/activeview/current/reach_worklet.html:0
[   33548ms] [ERROR] Attestation check for Shared Storage on https://www.googleadservices.com failed. @ https://www.googleadservices.com/pagead/managed/js/activeview/current/reach_worklet.html:0
[   33793ms] [ERROR] Attestation check for Shared Storage on https://www.googleadservices.com failed. @ https://www.googleadservices.com/pagead/managed/js/activeview/current/reach_worklet.html:0
[   63619ms] [ERROR] Attestation check for Shared Storage on https://www.googleadservices.com failed. @ https://www.googleadservices.com/pagead/managed/js/activeview/current/reach_worklet.html:0
[   63738ms] [ERROR] Attestation check for Shared Storage on https://www.googleadservices.com failed. @ https://www.googleadservices.com/pagead/managed/js/activeview/current/reach_worklet.html:0
[   64094ms] [ERROR] Attestation check for Shared Storage on https://www.googleadservices.com failed. @ https://www.googleadservices.com/pagead/managed/js/activeview/current/reach_worklet.html:0
[   64370ms] [ERROR] Attestation check for Shared Storage on https://www.googleadservices.com failed. @ https://www.googleadservices.com/pagead/managed/js/activeview/current/reach_worklet.html:0
[   94069ms] [ERROR] Attestation check for Shared Storage on https://www.googleadservices.com failed. @ https://www.googleadservices.com/pagead/managed/js/activeview/current/reach_worklet.html:0
[   94172ms] [ERROR] Attestation check for Shared Storage on https://www.googleadservices.com failed. @ https://www.googleadservices.com/pagead/managed/js/activeview/current/reach_worklet.html:0
[   94451ms] [ERROR] Attestation check for Shared Storage on https://www.googleadservices.com failed. @ https://www.googleadservices.com/pagead/managed/js/activeview/current/reach_worklet.html:0
[   94633ms] [ERROR] Attestation check for Shared Storage on https://www.googleadservices.com failed. @ https://www.googleadservices.com/pagead/managed/js/activeview/current/reach_worklet.html:0
[  124463ms] [ERROR] Attestation check for Shared Storage on https://www.googleadservices.com failed. @ https://www.googleadservices.com/pagead/managed/js/activeview/current/reach_worklet.html:0
[  124617ms] [ERROR] Attestation check for Shared Storage on https://www.googleadservices.com failed. @ https://www.googleadservices.com/pagead/managed/js/activeview/current/reach_worklet.html:0
[  124689ms] [ERROR] Attestation check for Shared Storage on https://www.googleadservices.com failed. @ https://www.googleadservices.com/pagead/managed/js/activeview/current/reach_worklet.html:0
[  154808ms] [ERROR] Attestation check for Shared Storage on https://www.googleadservices.com failed. @ https://www.googleadservices.com/pagead/managed/js/activeview/current/reach_worklet.html:0
[  155430ms] [ERROR] Attestation check for Shared Storage on https://www.googleadservices.com failed. @ https://www.googleadservices.com/pagead/managed/js/activeview/current/reach_worklet.html:0
[  215567ms] [ERROR] Attestation check for Shared Storage on https://www.googleadservices.com failed. @ https://www.googleadservices.com/pagead/managed/js/activeview/current/reach_worklet.html:0
[    4326ms] [ERROR] Attestation check for Shared Storage on https://www.googleadservices.com failed. @ https://www.googleadservices.com/pagead/managed/js/activeview/current/reach_worklet.html:0
[    4336ms] [ERROR] Attestation check for Shared Storage on https://www.googleadservices.com failed. @ https://www.googleadservices.com/pagead/managed/js/activeview/current/reach_worklet.html:0
[    4340ms] [ERROR] Attestation check for Shared Storage on https://www.googleadservices.com failed. @ https://www.googleadservices.com/pagead/managed/js/activeview/current/reach_worklet.html:0
[    4347ms] [ERROR] Attestation check for Shared Storage on https://www.googleadservices.com failed. @ https://www.googleadservices.com/pagead/managed/js/activeview/current/reach_worklet.html:0
[   33271ms] [ERROR] Attestation check for Shared Storage on https://www.googleadservices.com failed. @ https://www.googleadservices.com/pagead/managed/js/activeview/current/reach_worklet.html:0
[   33434ms] [ERROR] Attestation check for Shared Storage on https://www.googleadservices.com failed. @ https://www.googleadservices.com/pagead/managed/js/activeview/current/reach_worklet.html:0
[   33548ms] [ERROR] Attestation check for Shared Storage on https://www.googleadservices.com failed. @ https://www.googleadservices.com/pagead/managed/js/activeview/current/reach_worklet.html:0
[   33793ms] [ERROR] Attestation check for Shared Storage on https://www.googleadservices.com failed. @ https://www.googleadservices.com/pagead/managed/js/activeview/current/reach_worklet.html:0
[   63619ms] [ERROR] Attestation check for Shared Storage on https://www.googleadservices.com failed. @ https://www.googleadservices.com/pagead/managed/js/activeview/current/reach_worklet.html:0
[   63738ms] [ERROR] Attestation check for Shared Storage on https://www.googleadservices.com failed. @ https://www.googleadservices.com/pagead/managed/js/activeview/current/reach_worklet.html:0
[   64094ms] [ERROR] Attestation check for Shared Storage on https://www.googleadservices.com failed. @ https://www.googleadservices.com/pagead/managed/js/activeview/current/reach_worklet.html:0
[   64370ms] [ERROR] Attestation check for Shared Storage on https://www.googleadservices.com failed. @ https://www.googleadservices.com/pagead/managed/js/activeview/current/reach_worklet.html:0
[   94069ms] [ERROR] Attestation check for Shared Storage on https://www.googleadservices.com failed. @ https://www.googleadservices.com/pagead/managed/js/activeview/current/reach_worklet.html:0
[   94172ms] [ERROR] Attestation check for Shared Storage on https://www.googleadservices.com failed. @ https://www.googleadservices.com/pagead/managed/js/activeview/current/reach_worklet.html:0
[   94451ms] [ERROR] Attestation check for Shared Storage on https://www.googleadservices.com failed. @ https://www.googleadservices.com/pagead/managed/js/activeview/current/reach_worklet.html:0
[   94633ms] [ERROR] Attestation check for Shared Storage on https://www.googleadservices.com failed. @ https://www.googleadservices.com/pagead/managed/js/activeview/current/reach_worklet.html:0
[  124463ms] [ERROR] Attestation check for Shared Storage on https://www.googleadservices.com failed. @ https://www.googleadservices.com/pagead/managed/js/activeview/current/reach_worklet.html:0
[  124617ms] [ERROR] Attestation check for Shared Storage on https://www.googleadservices.com failed. @ https://www.googleadservices.com/pagead/managed/js/activeview/current/reach_worklet.html:0
[  124689ms] [ERROR] Attestation check for Shared Storage on https://www.googleadservices.com failed. @ https://www.googleadservices.com/pagead/managed/js/activeview/current/reach_worklet.html:0
[  154808ms] [ERROR] Attestation check for Shared Storage on https://www.googleadservices.com failed. @ https://www.googleadservices.com/pagead/managed/js/activeview/current/reach_worklet.html:0
[  155430ms] [ERROR] Attestation check for Shared Storage on https://www.googleadservices.com failed. @ https://www.googleadservices.com/pagead/managed/js/activeview/current/reach_worklet.html:0
[  215567ms] [ERROR] Attestation check for Shared Storage on https://www.googleadservices.com failed. @ https://www.googleadservices.com/pagead/managed/js/activeview/current/reach_worklet.html:0
[  215635ms] [ERROR] Attestation check for Attribution Reporting on https://ad.doubleclick.net failed. @ https://www.metasrc.com/lol/arena/build/volibear:0
[  215635ms] [ERROR] Attestation check for Attribution Reporting on https://ad.doubleclick.net failed. @ https://www.metasrc.com/lol/arena/build/volibear:0
[  215669ms] [ERROR] Attestation check for Shared Storage on https://www.googleadservices.com failed. @ https://www.googleadservices.com/pagead/managed/js/activeview/current/reach_worklet.html:0
[  215763ms] [INFO] Magnite Apex 3.0.1 @ https://video-outstream.rubiconproject.com/apex.js:0
[    4326ms] [ERROR] Attestation check for Shared Storage on https://www.googleadservices.com failed. @ https://www.googleadservices.com/pagead/managed/js/activeview/current/reach_worklet.html:0
[    4336ms] [ERROR] Attestation check for Shared Storage on https://www.googleadservices.com failed. @ https://www.googleadservices.com/pagead/managed/js/activeview/current/reach_worklet.html:0
[    4340ms] [ERROR] Attestation check for Shared Storage on https://www.googleadservices.com failed. @ https://www.googleadservices.com/pagead/managed/js/activeview/current/reach_worklet.html:0
[    4347ms] [ERROR] Attestation check for Shared Storage on https://www.googleadservices.com failed. @ https://www.googleadservices.com/pagead/managed/js/activeview/current/reach_worklet.html:0
[   33271ms] [ERROR] Attestation check for Shared Storage on https://www.googleadservices.com failed. @ https://www.googleadservices.com/pagead/managed/js/activeview/current/reach_worklet.html:0
[   33434ms] [ERROR] Attestation check for Shared Storage on https://www.googleadservices.com failed. @ https://www.googleadservices.com/pagead/managed/js/activeview/current/reach_worklet.html:0
[   33548ms] [ERROR] Attestation check for Shared Storage on https://www.googleadservices.com failed. @ https://www.googleadservices.com/pagead/managed/js/activeview/current/reach_worklet.html:0
[   33793ms] [ERROR] Attestation check for Shared Storage on https://www.googleadservices.com failed. @ https://www.googleadservices.com/pagead/managed/js/activeview/current/reach_worklet.html:0
[   63619ms] [ERROR] Attestation check for Shared Storage on https://www.googleadservices.com failed. @ https://www.googleadservices.com/pagead/managed/js/activeview/current/reach_worklet.html:0
[   63738ms] [ERROR] Attestation check for Shared Storage on https://www.googleadservices.com failed. @ https://www.googleadservices.com/pagead/managed/js/activeview/current/reach_worklet.html:0
[   64094ms] [ERROR] Attestation check for Shared Storage on https://www.googleadservices.com failed. @ https://www.googleadservices.com/pagead/managed/js/activeview/current/reach_worklet.html:0
[   64370ms] [ERROR] Attestation check for Shared Storage on https://www.googleadservices.com failed. @ https://www.googleadservices.com/pagead/managed/js/activeview/current/reach_worklet.html:0
[   94069ms] [ERROR] Attestation check for Shared Storage on https://www.googleadservices.com failed. @ https://www.googleadservices.com/pagead/managed/js/activeview/current/reach_worklet.html:0
[   94172ms] [ERROR] Attestation check for Shared Storage on https://www.googleadservices.com failed. @ https://www.googleadservices.com/pagead/managed/js/activeview/current/reach_worklet.html:0
[   94451ms] [ERROR] Attestation check for Shared Storage on https://www.googleadservices.com failed. @ https://www.googleadservices.com/pagead/managed/js/activeview/current/reach_worklet.html:0
[   94633ms] [ERROR] Attestation check for Shared Storage on https://www.googleadservices.com failed. @ https://www.googleadservices.com/pagead/managed/js/activeview/current/reach_worklet.html:0
[  124463ms] [ERROR] Attestation check for Shared Storage on https://www.googleadservices.com failed. @ https://www.googleadservices.com/pagead/managed/js/activeview/current/reach_worklet.html:0
[  124617ms] [ERROR] Attestation check for Shared Storage on https://www.googleadservices.com failed. @ https://www.googleadservices.com/pagead/managed/js/activeview/current/reach_worklet.html:0
[  124689ms] [ERROR] Attestation check for Shared Storage on https://www.googleadservices.com failed. @ https://www.googleadservices.com/pagead/managed/js/activeview/current/reach_worklet.html:0
[  154808ms] [ERROR] Attestation check for Shared Storage on https://www.googleadservices.com failed. @ https://www.googleadservices.com/pagead/managed/js/activeview/current/reach_worklet.html:0
[  155430ms] [ERROR] Attestation check for Shared Storage on https://www.googleadservices.com failed. @ https://www.googleadservices.com/pagead/managed/js/activeview/current/reach_worklet.html:0
[  215567ms] [ERROR] Attestation check for Shared Storage on https://www.googleadservices.com failed. @ https://www.googleadservices.com/pagead/managed/js/activeview/current/reach_worklet.html:0
[  215669ms] [ERROR] Attestation check for Shared Storage on https://www.googleadservices.com failed. @ https://www.googleadservices.com/pagead/managed/js/activeview/current/reach_worklet.html:0
[  216449ms] [ERROR] Attestation check for Shared Storage on https://www.googleadservices.com failed. @ https://www.googleadservices.com/pagead/managed/js/activeview/current/reach_worklet.html:0
[   23308ms] [ERROR] Failed to load resource: net::ERR_CONNECTION_TIMED_OUT @ https://rbp.mxptint.net/sn.ashx?gdpr_consent=CQkP9QAQkP9QAEsACBENCfFoAP_gAEPgACiQLTsB_C5OTWFh8LZ3QbskeYQH97BgbkAwAgRIgkIBSDoSpJwAw2AYAAjSIiAIGRIAqnSBIAEACACERECAIIAFogBMIECQoDNCIIBECAMBACBQCARoE4thEQAAgmoEJkQRgBANQVIMWEyASohDknARbCAwAACQAIcICEF0QAMSkMAAZGxcpIrICACBEEgIAlmPBCIpoBAIIhAERAkhgABgUdgIhEICAIWhAKIAgAEgloAAAAAAAAAIK1sB_C5MTXFh8LBXwbskOYQX97AAbkAwAARIgkIBSDoSpIwA02AQAAiSICQIGRAAonQBIAEACAgERECBAIAFIgBMAEAQoDNAAMBEACMBACBQAABIA4thEQABgGoEJEQRgAAMQFIEWEyAWIgjknABaKAQAACQCIMAGEFkQAMQkMAA5GRKxIpICICBEEAIAhmPBCIloFAIohCERIohAABgUMAIBEACAIWhAKAAgQEgkoAA.ILTsB_C5OTXFh8LZ3wbskeYQX97BgbkAwAgRIgkIBSDoSpJwA02AYAAjSIiQIGRIAqnSBIAEACAiERECBIIAFogBMIECQoDNCIMBECCMBACBQCARoE4thEQABgmoEJkQRgBANQVIMWEyAWohjknARbKAwAACQCIcIGEF0QAMSkMAA5Gxe5IrICICBEEgIAlmPBCItoFAIohCERIshgABgUdgIhEICAIWhAKIAgQEgloAAAAAAAAAIA.cAAAD_gAAAA&gdpr=1:0
[    4326ms] [ERROR] Attestation check for Shared Storage on https://www.googleadservices.com failed. @ https://www.googleadservices.com/pagead/managed/js/activeview/current/reach_worklet.html:0
[    4336ms] [ERROR] Attestation check for Shared Storage on https://www.googleadservices.com failed. @ https://www.googleadservices.com/pagead/managed/js/activeview/current/reach_worklet.html:0
[    4340ms] [ERROR] Attestation check for Shared Storage on https://www.googleadservices.com failed. @ https://www.googleadservices.com/pagead/managed/js/activeview/current/reach_worklet.html:0
[    4347ms] [ERROR] Attestation check for Shared Storage on https://www.googleadservices.com failed. @ https://www.googleadservices.com/pagead/managed/js/activeview/current/reach_worklet.html:0
[   33271ms] [ERROR] Attestation check for Shared Storage on https://www.googleadservices.com failed. @ https://www.googleadservices.com/pagead/managed/js/activeview/current/reach_worklet.html:0
[   33434ms] [ERROR] Attestation check for Shared Storage on https://www.googleadservices.com failed. @ https://www.googleadservices.com/pagead/managed/js/activeview/current/reach_worklet.html:0
[   33548ms] [ERROR] Attestation check for Shared Storage on https://www.googleadservices.com failed. @ https://www.googleadservices.com/pagead/managed/js/activeview/current/reach_worklet.html:0
[   33793ms] [ERROR] Attestation check for Shared Storage on https://www.googleadservices.com failed. @ https://www.googleadservices.com/pagead/managed/js/activeview/current/reach_worklet.html:0
[   63619ms] [ERROR] Attestation check for Shared Storage on https://www.googleadservices.com failed. @ https://www.googleadservices.com/pagead/managed/js/activeview/current/reach_worklet.html:0
[   63738ms] [ERROR] Attestation check for Shared Storage on https://www.googleadservices.com failed. @ https://www.googleadservices.com/pagead/managed/js/activeview/current/reach_worklet.html:0
[   64094ms] [ERROR] Attestation check for Shared Storage on https://www.googleadservices.com failed. @ https://www.googleadservices.com/pagead/managed/js/activeview/current/reach_worklet.html:0
[   64370ms] [ERROR] Attestation check for Shared Storage on https://www.googleadservices.com failed. @ https://www.googleadservices.com/pagead/managed/js/activeview/current/reach_worklet.html:0
[   94069ms] [ERROR] Attestation check for Shared Storage on https://www.googleadservices.com failed. @ https://www.googleadservices.com/pagead/managed/js/activeview/current/reach_worklet.html:0
[   94172ms] [ERROR] Attestation check for Shared Storage on https://www.googleadservices.com failed. @ https://www.googleadservices.com/pagead/managed/js/activeview/current/reach_worklet.html:0
[   94451ms] [ERROR] Attestation check for Shared Storage on https://www.googleadservices.com failed. @ https://www.googleadservices.com/pagead/managed/js/activeview/current/reach_worklet.html:0
[   94633ms] [ERROR] Attestation check for Shared Storage on https://www.googleadservices.com failed. @ https://www.googleadservices.com/pagead/managed/js/activeview/current/reach_worklet.html:0
[  124463ms] [ERROR] Attestation check for Shared Storage on https://www.googleadservices.com failed. @ https://www.googleadservices.com/pagead/managed/js/activeview/current/reach_worklet.html:0
[  124617ms] [ERROR] Attestation check for Shared Storage on https://www.googleadservices.com failed. @ https://www.googleadservices.com/pagead/managed/js/activeview/current/reach_worklet.html:0
[  124689ms] [ERROR] Attestation check for Shared Storage on https://www.googleadservices.com failed. @ https://www.googleadservices.com/pagead/managed/js/activeview/current/reach_worklet.html:0
[  154808ms] [ERROR] Attestation check for Shared Storage on https://www.googleadservices.com failed. @ https://www.googleadservices.com/pagead/managed/js/activeview/current/reach_worklet.html:0
[  155430ms] [ERROR] Attestation check for Shared Storage on https://www.googleadservices.com failed. @ https://www.googleadservices.com/pagead/managed/js/activeview/current/reach_worklet.html:0
[  215567ms] [ERROR] Attestation check for Shared Storage on https://www.googleadservices.com failed. @ https://www.googleadservices.com/pagead/managed/js/activeview/current/reach_worklet.html:0
[  215669ms] [ERROR] Attestation check for Shared Storage on https://www.googleadservices.com failed. @ https://www.googleadservices.com/pagead/managed/js/activeview/current/reach_worklet.html:0
[  216449ms] [ERROR] Attestation check for Shared Storage on https://www.googleadservices.com failed. @ https://www.googleadservices.com/pagead/managed/js/activeview/current/reach_worklet.html:0
[  216821ms] [ERROR] Attestation check for Shared Storage on https://www.googleadservices.com failed. @ https://www.googleadservices.com/pagead/managed/js/activeview/current/reach_worklet.html:0
[  242596ms] [ERROR] Attestation check for Protected Audience on https://htlb.casalemedia.com failed. @ https://www.metasrc.com/lol/arena/build/volibear:0
[  242596ms] [ERROR] Attestation check for Protected Audience on https://btlr.sharethrough.com failed. @ https://www.metasrc.com/lol/arena/build/volibear:0
[  242596ms] [ERROR] Attestation check for Protected Audience on https://fastlane.rubiconproject.com failed. @ https://www.metasrc.com/lol/arena/build/volibear:0
[  242596ms] [ERROR] Attestation check for Protected Audience on https://rtb.openx.net failed. @ https://www.metasrc.com/lol/arena/build/volibear:0
[  242596ms] [ERROR] Attestation check for Protected Audience on https://s.seedtag.com failed. @ https://www.metasrc.com/lol/arena/build/volibear:0
[  242598ms] [ERROR] Attestation check for Protected Audience on https://grid-bidder.criteo.com failed. @ https://www.metasrc.com/lol/arena/build/volibear:0
[  242599ms] [ERROR] Attestation check for Protected Audience on https://hbopenbid.pubmatic.com failed. @ https://www.metasrc.com/lol/arena/build/volibear:0
[  242743ms] [ERROR] Attestation check for Protected Audience on https://fastlane.rubiconproject.com failed. @ https://www.metasrc.com/lol/arena/build/volibear:0
[  242743ms] [ERROR] Attestation check for Protected Audience on https://rtb.openx.net failed. @ https://www.metasrc.com/lol/arena/build/volibear:0
[  242744ms] [ERROR] Attestation check for Protected Audience on https://s.seedtag.com failed. @ https://www.metasrc.com/lol/arena/build/volibear:0
[  242744ms] [ERROR] Attestation check for Protected Audience on https://htlb.casalemedia.com failed. @ https://www.metasrc.com/lol/arena/build/volibear:0
[  242744ms] [ERROR] Attestation check for Protected Audience on https://btlr.sharethrough.com failed. @ https://www.metasrc.com/lol/arena/build/volibear:0
[  242749ms] [ERROR] Attestation check for Protected Audience on https://grid-bidder.criteo.com failed. @ https://www.metasrc.com/lol/arena/build/volibear:0
[  242750ms] [ERROR] Attestation check for Protected Audience on https://hbopenbid.pubmatic.com failed. @ https://www.metasrc.com/lol/arena/build/volibear:0
[  243559ms] [ERROR] Attestation check for Protected Audience on https://fastlane.rubiconproject.com failed. @ https://www.metasrc.com/lol/arena/build/volibear:0
[  243559ms] [ERROR] Attestation check for Protected Audience on https://btlr.sharethrough.com failed. @ https://www.metasrc.com/lol/arena/build/volibear:0
[  243559ms] [ERROR] Attestation check for Protected Audience on https://s.seedtag.com failed. @ https://www.metasrc.com/lol/arena/build/volibear:0
[  243559ms] [ERROR] Attestation check for Protected Audience on https://htlb.casalemedia.com failed. @ https://www.metasrc.com/lol/arena/build/volibear:0
[  243559ms] [ERROR] Attestation check for Protected Audience on https://rtb.openx.net failed. @ https://www.metasrc.com/lol/arena/build/volibear:0
[  243561ms] [ERROR] Attestation check for Protected Audience on https://hbopenbid.pubmatic.com failed. @ https://www.metasrc.com/lol/arena/build/volibear:0
[  243561ms] [ERROR] Attestation check for Protected Audience on https://grid-bidder.criteo.com failed. @ https://www.metasrc.com/lol/arena/build/volibear:0
[    4326ms] [ERROR] Attestation check for Shared Storage on https://www.googleadservices.com failed. @ https://www.googleadservices.com/pagead/managed/js/activeview/current/reach_worklet.html:0
[    4336ms] [ERROR] Attestation check for Shared Storage on https://www.googleadservices.com failed. @ https://www.googleadservices.com/pagead/managed/js/activeview/current/reach_worklet.html:0
[    4340ms] [ERROR] Attestation check for Shared Storage on https://www.googleadservices.com failed. @ https://www.googleadservices.com/pagead/managed/js/activeview/current/reach_worklet.html:0
[    4347ms] [ERROR] Attestation check for Shared Storage on https://www.googleadservices.com failed. @ https://www.googleadservices.com/pagead/managed/js/activeview/current/reach_worklet.html:0
[   33271ms] [ERROR] Attestation check for Shared Storage on https://www.googleadservices.com failed. @ https://www.googleadservices.com/pagead/managed/js/activeview/current/reach_worklet.html:0
[   33434ms] [ERROR] Attestation check for Shared Storage on https://www.googleadservices.com failed. @ https://www.googleadservices.com/pagead/managed/js/activeview/current/reach_worklet.html:0
[   33548ms] [ERROR] Attestation check for Shared Storage on https://www.googleadservices.com failed. @ https://www.googleadservices.com/pagead/managed/js/activeview/current/reach_worklet.html:0
[   33793ms] [ERROR] Attestation check for Shared Storage on https://www.googleadservices.com failed. @ https://www.googleadservices.com/pagead/managed/js/activeview/current/reach_worklet.html:0
[   63619ms] [ERROR] Attestation check for Shared Storage on https://www.googleadservices.com failed. @ https://www.googleadservices.com/pagead/managed/js/activeview/current/reach_worklet.html:0
[   63738ms] [ERROR] Attestation check for Shared Storage on https://www.googleadservices.com failed. @ https://www.googleadservices.com/pagead/managed/js/activeview/current/reach_worklet.html:0
[   64094ms] [ERROR] Attestation check for Shared Storage on https://www.googleadservices.com failed. @ https://www.googleadservices.com/pagead/managed/js/activeview/current/reach_worklet.html:0
[   64370ms] [ERROR] Attestation check for Shared Storage on https://www.googleadservices.com failed. @ https://www.googleadservices.com/pagead/managed/js/activeview/current/reach_worklet.html:0
[   94069ms] [ERROR] Attestation check for Shared Storage on https://www.googleadservices.com failed. @ https://www.googleadservices.com/pagead/managed/js/activeview/current/reach_worklet.html:0
[   94172ms] [ERROR] Attestation check for Shared Storage on https://www.googleadservices.com failed. @ https://www.googleadservices.com/pagead/managed/js/activeview/current/reach_worklet.html:0
[   94451ms] [ERROR] Attestation check for Shared Storage on https://www.googleadservices.com failed. @ https://www.googleadservices.com/pagead/managed/js/activeview/current/reach_worklet.html:0
[   94633ms] [ERROR] Attestation check for Shared Storage on https://www.googleadservices.com failed. @ https://www.googleadservices.com/pagead/managed/js/activeview/current/reach_worklet.html:0
[  124463ms] [ERROR] Attestation check for Shared Storage on https://www.googleadservices.com failed. @ https://www.googleadservices.com/pagead/managed/js/activeview/current/reach_worklet.html:0
[  124617ms] [ERROR] Attestation check for Shared Storage on https://www.googleadservices.com failed. @ https://www.googleadservices.com/pagead/managed/js/activeview/current/reach_worklet.html:0
[  124689ms] [ERROR] Attestation check for Shared Storage on https://www.googleadservices.com failed. @ https://www.googleadservices.com/pagead/managed/js/activeview/current/reach_worklet.html:0
[  154808ms] [ERROR] Attestation check for Shared Storage on https://www.googleadservices.com failed. @ https://www.googleadservices.com/pagead/managed/js/activeview/current/reach_worklet.html:0
[  155430ms] [ERROR] Attestation check for Shared Storage on https://www.googleadservices.com failed. @ https://www.googleadservices.com/pagead/managed/js/activeview/current/reach_worklet.html:0
[  215567ms] [ERROR] Attestation check for Shared Storage on https://www.googleadservices.com failed. @ https://www.googleadservices.com/pagead/managed/js/activeview/current/reach_worklet.html:0
[  215669ms] [ERROR] Attestation check for Shared Storage on https://www.googleadservices.com failed. @ https://www.googleadservices.com/pagead/managed/js/activeview/current/reach_worklet.html:0
[  216449ms] [ERROR] Attestation check for Shared Storage on https://www.googleadservices.com failed. @ https://www.googleadservices.com/pagead/managed/js/activeview/current/reach_worklet.html:0
[  216821ms] [ERROR] Attestation check for Shared Storage on https://www.googleadservices.com failed. @ https://www.googleadservices.com/pagead/managed/js/activeview/current/reach_worklet.html:0
[  246030ms] [ERROR] Attestation check for Shared Storage on https://www.googleadservices.com failed. @ https://www.googleadservices.com/pagead/managed/js/activeview/current/reach_worklet.html:0
[  246086ms] [ERROR] Attestation check for Attribution Reporting on https://ad.doubleclick.net failed. @ https://www.metasrc.com/lol/arena/build/volibear:0
[  246144ms] [ERROR] Attestation check for Attribution Reporting on https://ad.doubleclick.net failed. @ https://www.metasrc.com/lol/arena/build/volibear:0
[    4326ms] [ERROR] Attestation check for Shared Storage on https://www.googleadservices.com failed. @ https://www.googleadservices.com/pagead/managed/js/activeview/current/reach_worklet.html:0
[    4336ms] [ERROR] Attestation check for Shared Storage on https://www.googleadservices.com failed. @ https://www.googleadservices.com/pagead/managed/js/activeview/current/reach_worklet.html:0
[    4340ms] [ERROR] Attestation check for Shared Storage on https://www.googleadservices.com failed. @ https://www.googleadservices.com/pagead/managed/js/activeview/current/reach_worklet.html:0
[    4347ms] [ERROR] Attestation check for Shared Storage on https://www.googleadservices.com failed. @ https://www.googleadservices.com/pagead/managed/js/activeview/current/reach_worklet.html:0
[   33271ms] [ERROR] Attestation check for Shared Storage on https://www.googleadservices.com failed. @ https://www.googleadservices.com/pagead/managed/js/activeview/current/reach_worklet.html:0
[   33434ms] [ERROR] Attestation check for Shared Storage on https://www.googleadservices.com failed. @ https://www.googleadservices.com/pagead/managed/js/activeview/current/reach_worklet.html:0
[   33548ms] [ERROR] Attestation check for Shared Storage on https://www.googleadservices.com failed. @ https://www.googleadservices.com/pagead/managed/js/activeview/current/reach_worklet.html:0
[   33793ms] [ERROR] Attestation check for Shared Storage on https://www.googleadservices.com failed. @ https://www.googleadservices.com/pagead/managed/js/activeview/current/reach_worklet.html:0
[   63619ms] [ERROR] Attestation check for Shared Storage on https://www.googleadservices.com failed. @ https://www.googleadservices.com/pagead/managed/js/activeview/current/reach_worklet.html:0
[   63738ms] [ERROR] Attestation check for Shared Storage on https://www.googleadservices.com failed. @ https://www.googleadservices.com/pagead/managed/js/activeview/current/reach_worklet.html:0
[   64094ms] [ERROR] Attestation check for Shared Storage on https://www.googleadservices.com failed. @ https://www.googleadservices.com/pagead/managed/js/activeview/current/reach_worklet.html:0
[   64370ms] [ERROR] Attestation check for Shared Storage on https://www.googleadservices.com failed. @ https://www.googleadservices.com/pagead/managed/js/activeview/current/reach_worklet.html:0
[   94069ms] [ERROR] Attestation check for Shared Storage on https://www.googleadservices.com failed. @ https://www.googleadservices.com/pagead/managed/js/activeview/current/reach_worklet.html:0
[   94172ms] [ERROR] Attestation check for Shared Storage on https://www.googleadservices.com failed. @ https://www.googleadservices.com/pagead/managed/js/activeview/current/reach_worklet.html:0
[   94451ms] [ERROR] Attestation check for Shared Storage on https://www.googleadservices.com failed. @ https://www.googleadservices.com/pagead/managed/js/activeview/current/reach_worklet.html:0
[   94633ms] [ERROR] Attestation check for Shared Storage on https://www.googleadservices.com failed. @ https://www.googleadservices.com/pagead/managed/js/activeview/current/reach_worklet.html:0
[  124463ms] [ERROR] Attestation check for Shared Storage on https://www.googleadservices.com failed. @ https://www.googleadservices.com/pagead/managed/js/activeview/current/reach_worklet.html:0
[  124617ms] [ERROR] Attestation check for Shared Storage on https://www.googleadservices.com failed. @ https://www.googleadservices.com/pagead/managed/js/activeview/current/reach_worklet.html:0
[  124689ms] [ERROR] Attestation check for Shared Storage on https://www.googleadservices.com failed. @ https://www.googleadservices.com/pagead/managed/js/activeview/current/reach_worklet.html:0
[  154808ms] [ERROR] Attestation check for Shared Storage on https://www.googleadservices.com failed. @ https://www.googleadservices.com/pagead/managed/js/activeview/current/reach_worklet.html:0
[  155430ms] [ERROR] Attestation check for Shared Storage on https://www.googleadservices.com failed. @ https://www.googleadservices.com/pagead/managed/js/activeview/current/reach_worklet.html:0
[  215567ms] [ERROR] Attestation check for Shared Storage on https://www.googleadservices.com failed. @ https://www.googleadservices.com/pagead/managed/js/activeview/current/reach_worklet.html:0
[  215669ms] [ERROR] Attestation check for Shared Storage on https://www.googleadservices.com failed. @ https://www.googleadservices.com/pagead/managed/js/activeview/current/reach_worklet.html:0
[  216449ms] [ERROR] Attestation check for Shared Storage on https://www.googleadservices.com failed. @ https://www.googleadservices.com/pagead/managed/js/activeview/current/reach_worklet.html:0
[  216821ms] [ERROR] Attestation check for Shared Storage on https://www.googleadservices.com failed. @ https://www.googleadservices.com/pagead/managed/js/activeview/current/reach_worklet.html:0
[  246030ms] [ERROR] Attestation check for Shared Storage on https://www.googleadservices.com failed. @ https://www.googleadservices.com/pagead/managed/js/activeview/current/reach_worklet.html:0
[  246833ms] [ERROR] Attestation check for Shared Storage on https://www.googleadservices.com failed. @ https://www.googleadservices.com/pagead/managed/js/activeview/current/reach_worklet.html:0
[    4326ms] [ERROR] Attestation check for Shared Storage on https://www.googleadservices.com failed. @ https://www.googleadservices.com/pagead/managed/js/activeview/current/reach_worklet.html:0
[    4336ms] [ERROR] Attestation check for Shared Storage on https://www.googleadservices.com failed. @ https://www.googleadservices.com/pagead/managed/js/activeview/current/reach_worklet.html:0
[    4340ms] [ERROR] Attestation check for Shared Storage on https://www.googleadservices.com failed. @ https://www.googleadservices.com/pagead/managed/js/activeview/current/reach_worklet.html:0
[    4347ms] [ERROR] Attestation check for Shared Storage on https://www.googleadservices.com failed. @ https://www.googleadservices.com/pagead/managed/js/activeview/current/reach_worklet.html:0
[   33271ms] [ERROR] Attestation check for Shared Storage on https://www.googleadservices.com failed. @ https://www.googleadservices.com/pagead/managed/js/activeview/current/reach_worklet.html:0
[   33434ms] [ERROR] Attestation check for Shared Storage on https://www.googleadservices.com failed. @ https://www.googleadservices.com/pagead/managed/js/activeview/current/reach_worklet.html:0
[   33548ms] [ERROR] Attestation check for Shared Storage on https://www.googleadservices.com failed. @ https://www.googleadservices.com/pagead/managed/js/activeview/current/reach_worklet.html:0
[   33793ms] [ERROR] Attestation check for Shared Storage on https://www.googleadservices.com failed. @ https://www.googleadservices.com/pagead/managed/js/activeview/current/reach_worklet.html:0
[   63619ms] [ERROR] Attestation check for Shared Storage on https://www.googleadservices.com failed. @ https://www.googleadservices.com/pagead/managed/js/activeview/current/reach_worklet.html:0
[   63738ms] [ERROR] Attestation check for Shared Storage on https://www.googleadservices.com failed. @ https://www.googleadservices.com/pagead/managed/js/activeview/current/reach_worklet.html:0
[   64094ms] [ERROR] Attestation check for Shared Storage on https://www.googleadservices.com failed. @ https://www.googleadservices.com/pagead/managed/js/activeview/current/reach_worklet.html:0
[   64370ms] [ERROR] Attestation check for Shared Storage on https://www.googleadservices.com failed. @ https://www.googleadservices.com/pagead/managed/js/activeview/current/reach_worklet.html:0
[   94069ms] [ERROR] Attestation check for Shared Storage on https://www.googleadservices.com failed. @ https://www.googleadservices.com/pagead/managed/js/activeview/current/reach_worklet.html:0
[   94172ms] [ERROR] Attestation check for Shared Storage on https://www.googleadservices.com failed. @ https://www.googleadservices.com/pagead/managed/js/activeview/current/reach_worklet.html:0
[   94451ms] [ERROR] Attestation check for Shared Storage on https://www.googleadservices.com failed. @ https://www.googleadservices.com/pagead/managed/js/activeview/current/reach_worklet.html:0
[   94633ms] [ERROR] Attestation check for Shared Storage on https://www.googleadservices.com failed. @ https://www.googleadservices.com/pagead/managed/js/activeview/current/reach_worklet.html:0
[  124463ms] [ERROR] Attestation check for Shared Storage on https://www.googleadservices.com failed. @ https://www.googleadservices.com/pagead/managed/js/activeview/current/reach_worklet.html:0
[  124617ms] [ERROR] Attestation check for Shared Storage on https://www.googleadservices.com failed. @ https://www.googleadservices.com/pagead/managed/js/activeview/current/reach_worklet.html:0
[  124689ms] [ERROR] Attestation check for Shared Storage on https://www.googleadservices.com failed. @ https://www.googleadservices.com/pagead/managed/js/activeview/current/reach_worklet.html:0
[  154808ms] [ERROR] Attestation check for Shared Storage on https://www.googleadservices.com failed. @ https://www.googleadservices.com/pagead/managed/js/activeview/current/reach_worklet.html:0
[  155430ms] [ERROR] Attestation check for Shared Storage on https://www.googleadservices.com failed. @ https://www.googleadservices.com/pagead/managed/js/activeview/current/reach_worklet.html:0
[  215567ms] [ERROR] Attestation check for Shared Storage on https://www.googleadservices.com failed. @ https://www.googleadservices.com/pagead/managed/js/activeview/current/reach_worklet.html:0
[  215669ms] [ERROR] Attestation check for Shared Storage on https://www.googleadservices.com failed. @ https://www.googleadservices.com/pagead/managed/js/activeview/current/reach_worklet.html:0
[  216449ms] [ERROR] Attestation check for Shared Storage on https://www.googleadservices.com failed. @ https://www.googleadservices.com/pagead/managed/js/activeview/current/reach_worklet.html:0
[  216821ms] [ERROR] Attestation check for Shared Storage on https://www.googleadservices.com failed. @ https://www.googleadservices.com/pagead/managed/js/activeview/current/reach_worklet.html:0
[  246030ms] [ERROR] Attestation check for Shared Storage on https://www.googleadservices.com failed. @ https://www.googleadservices.com/pagead/managed/js/activeview/current/reach_worklet.html:0
[  246833ms] [ERROR] Attestation check for Shared Storage on https://www.googleadservices.com failed. @ https://www.googleadservices.com/pagead/managed/js/activeview/current/reach_worklet.html:0
[   23308ms] [ERROR] Failed to load resource: net::ERR_CONNECTION_TIMED_OUT @ https://rbp.mxptint.net/sn.ashx?gdpr_consent=CQkP9QAQkP9QAEsACBENCfFoAP_gAEPgACiQLTsB_C5OTWFh8LZ3QbskeYQH97BgbkAwAgRIgkIBSDoSpJwAw2AYAAjSIiAIGRIAqnSBIAEACACERECAIIAFogBMIECQoDNCIIBECAMBACBQCARoE4thEQAAgmoEJkQRgBANQVIMWEyASohDknARbCAwAACQAIcICEF0QAMSkMAAZGxcpIrICACBEEgIAlmPBCIpoBAIIhAERAkhgABgUdgIhEICAIWhAKIAgAEgloAAAAAAAAAIK1sB_C5MTXFh8LBXwbskOYQX97AAbkAwAARIgkIBSDoSpIwA02AQAAiSICQIGRAAonQBIAEACAgERECBAIAFIgBMAEAQoDNAAMBEACMBACBQAABIA4thEQABgGoEJEQRgAAMQFIEWEyAWIgjknABaKAQAACQCIMAGEFkQAMQkMAA5GRKxIpICICBEEAIAhmPBCIloFAIohCERIohAABgUMAIBEACAIWhAKAAgQEgkoAA.ILTsB_C5OTXFh8LZ3wbskeYQX97BgbkAwAgRIgkIBSDoSpJwA02AYAAjSIiQIGRIAqnSBIAEACAiERECBIIAFogBMIECQoDNCIMBECCMBACBQCARoE4thEQABgmoEJkQRgBANQVIMWEyAWohjknARbKAwAACQCIcIGEF0QAMSkMAA5Gxe5IrICICBEEgIAlmPBCItoFAIohCERIshgABgUdgIhEICAIWhAKIAgQEgloAAAAAAAAAIA.cAAAD_gAAAA&gdpr=1:0
[  247049ms] [ERROR] Attestation check for Shared Storage on https://www.googleadservices.com failed. @ https://www.googleadservices.com/pagead/managed/js/activeview/current/reach_worklet.html:0
[  273105ms] [ERROR] Attestation check for Protected Audience on https://s.seedtag.com failed. @ https://www.metasrc.com/lol/arena/build/volibear:0
[  273105ms] [ERROR] Attestation check for Protected Audience on https://fastlane.rubiconproject.com failed. @ https://www.metasrc.com/lol/arena/build/volibear:0
[  273105ms] [ERROR] Attestation check for Protected Audience on https://rtb.openx.net failed. @ https://www.metasrc.com/lol/arena/build/volibear:0
[  273105ms] [ERROR] Attestation check for Protected Audience on https://htlb.casalemedia.com failed. @ https://www.metasrc.com/lol/arena/build/volibear:0
[  273105ms] [ERROR] Attestation check for Protected Audience on https://btlr.sharethrough.com failed. @ https://www.metasrc.com/lol/arena/build/volibear:0
[  273108ms] [ERROR] Attestation check for Protected Audience on https://hbopenbid.pubmatic.com failed. @ https://www.metasrc.com/lol/arena/build/volibear:0
[  273108ms] [ERROR] Attestation check for Protected Audience on https://grid-bidder.criteo.com failed. @ https://www.metasrc.com/lol/arena/build/volibear:0
[  273913ms] [ERROR] Attestation check for Protected Audience on https://htlb.casalemedia.com failed. @ https://www.metasrc.com/lol/arena/build/volibear:0
[  273913ms] [ERROR] Attestation check for Protected Audience on https://fastlane.rubiconproject.com failed. @ https://www.metasrc.com/lol/arena/build/volibear:0
[  273913ms] [ERROR] Attestation check for Protected Audience on https://btlr.sharethrough.com failed. @ https://www.metasrc.com/lol/arena/build/volibear:0
[  273913ms] [ERROR] Attestation check for Protected Audience on https://s.seedtag.com failed. @ https://www.metasrc.com/lol/arena/build/volibear:0
[  273913ms] [ERROR] Attestation check for Protected Audience on https://rtb.openx.net failed. @ https://www.metasrc.com/lol/arena/build/volibear:0
[  273915ms] [ERROR] Attestation check for Protected Audience on https://hbopenbid.pubmatic.com failed. @ https://www.metasrc.com/lol/arena/build/volibear:0
[  273915ms] [ERROR] Attestation check for Protected Audience on https://grid-bidder.criteo.com failed. @ https://www.metasrc.com/lol/arena/build/volibear:0
[    4326ms] [ERROR] Attestation check for Shared Storage on https://www.googleadservices.com failed. @ https://www.googleadservices.com/pagead/managed/js/activeview/current/reach_worklet.html:0
[    4336ms] [ERROR] Attestation check for Shared Storage on https://www.googleadservices.com failed. @ https://www.googleadservices.com/pagead/managed/js/activeview/current/reach_worklet.html:0
[    4340ms] [ERROR] Attestation check for Shared Storage on https://www.googleadservices.com failed. @ https://www.googleadservices.com/pagead/managed/js/activeview/current/reach_worklet.html:0
[    4347ms] [ERROR] Attestation check for Shared Storage on https://www.googleadservices.com failed. @ https://www.googleadservices.com/pagead/managed/js/activeview/current/reach_worklet.html:0
[   33271ms] [ERROR] Attestation check for Shared Storage on https://www.googleadservices.com failed. @ https://www.googleadservices.com/pagead/managed/js/activeview/current/reach_worklet.html:0
[   33434ms] [ERROR] Attestation check for Shared Storage on https://www.googleadservices.com failed. @ https://www.googleadservices.com/pagead/managed/js/activeview/current/reach_worklet.html:0
[   33548ms] [ERROR] Attestation check for Shared Storage on https://www.googleadservices.com failed. @ https://www.googleadservices.com/pagead/managed/js/activeview/current/reach_worklet.html:0
[   33793ms] [ERROR] Attestation check for Shared Storage on https://www.googleadservices.com failed. @ https://www.googleadservices.com/pagead/managed/js/activeview/current/reach_worklet.html:0
[   63619ms] [ERROR] Attestation check for Shared Storage on https://www.googleadservices.com failed. @ https://www.googleadservices.com/pagead/managed/js/activeview/current/reach_worklet.html:0
[   63738ms] [ERROR] Attestation check for Shared Storage on https://www.googleadservices.com failed. @ https://www.googleadservices.com/pagead/managed/js/activeview/current/reach_worklet.html:0
[   64094ms] [ERROR] Attestation check for Shared Storage on https://www.googleadservices.com failed. @ https://www.googleadservices.com/pagead/managed/js/activeview/current/reach_worklet.html:0
[   64370ms] [ERROR] Attestation check for Shared Storage on https://www.googleadservices.com failed. @ https://www.googleadservices.com/pagead/managed/js/activeview/current/reach_worklet.html:0
[   94069ms] [ERROR] Attestation check for Shared Storage on https://www.googleadservices.com failed. @ https://www.googleadservices.com/pagead/managed/js/activeview/current/reach_worklet.html:0
[   94172ms] [ERROR] Attestation check for Shared Storage on https://www.googleadservices.com failed. @ https://www.googleadservices.com/pagead/managed/js/activeview/current/reach_worklet.html:0
[   94451ms] [ERROR] Attestation check for Shared Storage on https://www.googleadservices.com failed. @ https://www.googleadservices.com/pagead/managed/js/activeview/current/reach_worklet.html:0
[   94633ms] [ERROR] Attestation check for Shared Storage on https://www.googleadservices.com failed. @ https://www.googleadservices.com/pagead/managed/js/activeview/current/reach_worklet.html:0
[  124463ms] [ERROR] Attestation check for Shared Storage on https://www.googleadservices.com failed. @ https://www.googleadservices.com/pagead/managed/js/activeview/current/reach_worklet.html:0
[  124617ms] [ERROR] Attestation check for Shared Storage on https://www.googleadservices.com failed. @ https://www.googleadservices.com/pagead/managed/js/activeview/current/reach_worklet.html:0
[  124689ms] [ERROR] Attestation check for Shared Storage on https://www.googleadservices.com failed. @ https://www.googleadservices.com/pagead/managed/js/activeview/current/reach_worklet.html:0
[  154808ms] [ERROR] Attestation check for Shared Storage on https://www.googleadservices.com failed. @ https://www.googleadservices.com/pagead/managed/js/activeview/current/reach_worklet.html:0
[  155430ms] [ERROR] Attestation check for Shared Storage on https://www.googleadservices.com failed. @ https://www.googleadservices.com/pagead/managed/js/activeview/current/reach_worklet.html:0
[  215567ms] [ERROR] Attestation check for Shared Storage on https://www.googleadservices.com failed. @ https://www.googleadservices.com/pagead/managed/js/activeview/current/reach_worklet.html:0
[  215669ms] [ERROR] Attestation check for Shared Storage on https://www.googleadservices.com failed. @ https://www.googleadservices.com/pagead/managed/js/activeview/current/reach_worklet.html:0
[  216449ms] [ERROR] Attestation check for Shared Storage on https://www.googleadservices.com failed. @ https://www.googleadservices.com/pagead/managed/js/activeview/current/reach_worklet.html:0
[  216821ms] [ERROR] Attestation check for Shared Storage on https://www.googleadservices.com failed. @ https://www.googleadservices.com/pagead/managed/js/activeview/current/reach_worklet.html:0
[  246030ms] [ERROR] Attestation check for Shared Storage on https://www.googleadservices.com failed. @ https://www.googleadservices.com/pagead/managed/js/activeview/current/reach_worklet.html:0
[  246833ms] [ERROR] Attestation check for Shared Storage on https://www.googleadservices.com failed. @ https://www.googleadservices.com/pagead/managed/js/activeview/current/reach_worklet.html:0
[  247049ms] [ERROR] Attestation check for Shared Storage on https://www.googleadservices.com failed. @ https://www.googleadservices.com/pagead/managed/js/activeview/current/reach_worklet.html:0
[  276478ms] [ERROR] Attestation check for Shared Storage on https://www.googleadservices.com failed. @ https://www.googleadservices.com/pagead/managed/js/activeview/current/reach_worklet.html:0
[  276582ms] [ERROR] Attestation check for Attribution Reporting on https://ad.doubleclick.net failed. @ https://www.metasrc.com/lol/arena/build/volibear:0
[    4326ms] [ERROR] Attestation check for Shared Storage on https://www.googleadservices.com failed. @ https://www.googleadservices.com/pagead/managed/js/activeview/current/reach_worklet.html:0
[    4336ms] [ERROR] Attestation check for Shared Storage on https://www.googleadservices.com failed. @ https://www.googleadservices.com/pagead/managed/js/activeview/current/reach_worklet.html:0
[    4340ms] [ERROR] Attestation check for Shared Storage on https://www.googleadservices.com failed. @ https://www.googleadservices.com/pagead/managed/js/activeview/current/reach_worklet.html:0
[    4347ms] [ERROR] Attestation check for Shared Storage on https://www.googleadservices.com failed. @ https://www.googleadservices.com/pagead/managed/js/activeview/current/reach_worklet.html:0
[   33271ms] [ERROR] Attestation check for Shared Storage on https://www.googleadservices.com failed. @ https://www.googleadservices.com/pagead/managed/js/activeview/current/reach_worklet.html:0
[   33434ms] [ERROR] Attestation check for Shared Storage on https://www.googleadservices.com failed. @ https://www.googleadservices.com/pagead/managed/js/activeview/current/reach_worklet.html:0
[   33548ms] [ERROR] Attestation check for Shared Storage on https://www.googleadservices.com failed. @ https://www.googleadservices.com/pagead/managed/js/activeview/current/reach_worklet.html:0
[   33793ms] [ERROR] Attestation check for Shared Storage on https://www.googleadservices.com failed. @ https://www.googleadservices.com/pagead/managed/js/activeview/current/reach_worklet.html:0
[   63619ms] [ERROR] Attestation check for Shared Storage on https://www.googleadservices.com failed. @ https://www.googleadservices.com/pagead/managed/js/activeview/current/reach_worklet.html:0
[   63738ms] [ERROR] Attestation check for Shared Storage on https://www.googleadservices.com failed. @ https://www.googleadservices.com/pagead/managed/js/activeview/current/reach_worklet.html:0
[   64094ms] [ERROR] Attestation check for Shared Storage on https://www.googleadservices.com failed. @ https://www.googleadservices.com/pagead/managed/js/activeview/current/reach_worklet.html:0
[   64370ms] [ERROR] Attestation check for Shared Storage on https://www.googleadservices.com failed. @ https://www.googleadservices.com/pagead/managed/js/activeview/current/reach_worklet.html:0
[   94069ms] [ERROR] Attestation check for Shared Storage on https://www.googleadservices.com failed. @ https://www.googleadservices.com/pagead/managed/js/activeview/current/reach_worklet.html:0
[   94172ms] [ERROR] Attestation check for Shared Storage on https://www.googleadservices.com failed. @ https://www.googleadservices.com/pagead/managed/js/activeview/current/reach_worklet.html:0
[   94451ms] [ERROR] Attestation check for Shared Storage on https://www.googleadservices.com failed. @ https://www.googleadservices.com/pagead/managed/js/activeview/current/reach_worklet.html:0
[   94633ms] [ERROR] Attestation check for Shared Storage on https://www.googleadservices.com failed. @ https://www.googleadservices.com/pagead/managed/js/activeview/current/reach_worklet.html:0
[  124463ms] [ERROR] Attestation check for Shared Storage on https://www.googleadservices.com failed. @ https://www.googleadservices.com/pagead/managed/js/activeview/current/reach_worklet.html:0
[  124617ms] [ERROR] Attestation check for Shared Storage on https://www.googleadservices.com failed. @ https://www.googleadservices.com/pagead/managed/js/activeview/current/reach_worklet.html:0
[  124689ms] [ERROR] Attestation check for Shared Storage on https://www.googleadservices.com failed. @ https://www.googleadservices.com/pagead/managed/js/activeview/current/reach_worklet.html:0
[  154808ms] [ERROR] Attestation check for Shared Storage on https://www.googleadservices.com failed. @ https://www.googleadservices.com/pagead/managed/js/activeview/current/reach_worklet.html:0
[  155430ms] [ERROR] Attestation check for Shared Storage on https://www.googleadservices.com failed. @ https://www.googleadservices.com/pagead/managed/js/activeview/current/reach_worklet.html:0
[  215567ms] [ERROR] Attestation check for Shared Storage on https://www.googleadservices.com failed. @ https://www.googleadservices.com/pagead/managed/js/activeview/current/reach_worklet.html:0
[  215669ms] [ERROR] Attestation check for Shared Storage on https://www.googleadservices.com failed. @ https://www.googleadservices.com/pagead/managed/js/activeview/current/reach_worklet.html:0
[  216449ms] [ERROR] Attestation check for Shared Storage on https://www.googleadservices.com failed. @ https://www.googleadservices.com/pagead/managed/js/activeview/current/reach_worklet.html:0
[  216821ms] [ERROR] Attestation check for Shared Storage on https://www.googleadservices.com failed. @ https://www.googleadservices.com/pagead/managed/js/activeview/current/reach_worklet.html:0
[  246030ms] [ERROR] Attestation check for Shared Storage on https://www.googleadservices.com failed. @ https://www.googleadservices.com/pagead/managed/js/activeview/current/reach_worklet.html:0
[  246833ms] [ERROR] Attestation check for Shared Storage on https://www.googleadservices.com failed. @ https://www.googleadservices.com/pagead/managed/js/activeview/current/reach_worklet.html:0
[  247049ms] [ERROR] Attestation check for Shared Storage on https://www.googleadservices.com failed. @ https://www.googleadservices.com/pagead/managed/js/activeview/current/reach_worklet.html:0
[  276478ms] [ERROR] Attestation check for Shared Storage on https://www.googleadservices.com failed. @ https://www.googleadservices.com/pagead/managed/js/activeview/current/reach_worklet.html:0
[  277352ms] [ERROR] Attestation check for Shared Storage on https://www.googleadservices.com failed. @ https://www.googleadservices.com/pagead/managed/js/activeview/current/reach_worklet.html:0
[    4326ms] [ERROR] Attestation check for Shared Storage on https://www.googleadservices.com failed. @ https://www.googleadservices.com/pagead/managed/js/activeview/current/reach_worklet.html:0
[    4336ms] [ERROR] Attestation check for Shared Storage on https://www.googleadservices.com failed. @ https://www.googleadservices.com/pagead/managed/js/activeview/current/reach_worklet.html:0
[    4340ms] [ERROR] Attestation check for Shared Storage on https://www.googleadservices.com failed. @ https://www.googleadservices.com/pagead/managed/js/activeview/current/reach_worklet.html:0
[    4347ms] [ERROR] Attestation check for Shared Storage on https://www.googleadservices.com failed. @ https://www.googleadservices.com/pagead/managed/js/activeview/current/reach_worklet.html:0
[   33271ms] [ERROR] Attestation check for Shared Storage on https://www.googleadservices.com failed. @ https://www.googleadservices.com/pagead/managed/js/activeview/current/reach_worklet.html:0
[   33434ms] [ERROR] Attestation check for Shared Storage on https://www.googleadservices.com failed. @ https://www.googleadservices.com/pagead/managed/js/activeview/current/reach_worklet.html:0
[   33548ms] [ERROR] Attestation check for Shared Storage on https://www.googleadservices.com failed. @ https://www.googleadservices.com/pagead/managed/js/activeview/current/reach_worklet.html:0
[   33793ms] [ERROR] Attestation check for Shared Storage on https://www.googleadservices.com failed. @ https://www.googleadservices.com/pagead/managed/js/activeview/current/reach_worklet.html:0
[   63619ms] [ERROR] Attestation check for Shared Storage on https://www.googleadservices.com failed. @ https://www.googleadservices.com/pagead/managed/js/activeview/current/reach_worklet.html:0
[   63738ms] [ERROR] Attestation check for Shared Storage on https://www.googleadservices.com failed. @ https://www.googleadservices.com/pagead/managed/js/activeview/current/reach_worklet.html:0
[   64094ms] [ERROR] Attestation check for Shared Storage on https://www.googleadservices.com failed. @ https://www.googleadservices.com/pagead/managed/js/activeview/current/reach_worklet.html:0
[   64370ms] [ERROR] Attestation check for Shared Storage on https://www.googleadservices.com failed. @ https://www.googleadservices.com/pagead/managed/js/activeview/current/reach_worklet.html:0
[   94069ms] [ERROR] Attestation check for Shared Storage on https://www.googleadservices.com failed. @ https://www.googleadservices.com/pagead/managed/js/activeview/current/reach_worklet.html:0
[   94172ms] [ERROR] Attestation check for Shared Storage on https://www.googleadservices.com failed. @ https://www.googleadservices.com/pagead/managed/js/activeview/current/reach_worklet.html:0
[   94451ms] [ERROR] Attestation check for Shared Storage on https://www.googleadservices.com failed. @ https://www.googleadservices.com/pagead/managed/js/activeview/current/reach_worklet.html:0
[   94633ms] [ERROR] Attestation check for Shared Storage on https://www.googleadservices.com failed. @ https://www.googleadservices.com/pagead/managed/js/activeview/current/reach_worklet.html:0
[  124463ms] [ERROR] Attestation check for Shared Storage on https://www.googleadservices.com failed. @ https://www.googleadservices.com/pagead/managed/js/activeview/current/reach_worklet.html:0
[  124617ms] [ERROR] Attestation check for Shared Storage on https://www.googleadservices.com failed. @ https://www.googleadservices.com/pagead/managed/js/activeview/current/reach_worklet.html:0
[  124689ms] [ERROR] Attestation check for Shared Storage on https://www.googleadservices.com failed. @ https://www.googleadservices.com/pagead/managed/js/activeview/current/reach_worklet.html:0
[  154808ms] [ERROR] Attestation check for Shared Storage on https://www.googleadservices.com failed. @ https://www.googleadservices.com/pagead/managed/js/activeview/current/reach_worklet.html:0
[  155430ms] [ERROR] Attestation check for Shared Storage on https://www.googleadservices.com failed. @ https://www.googleadservices.com/pagead/managed/js/activeview/current/reach_worklet.html:0
[  215567ms] [ERROR] Attestation check for Shared Storage on https://www.googleadservices.com failed. @ https://www.googleadservices.com/pagead/managed/js/activeview/current/reach_worklet.html:0
[  215669ms] [ERROR] Attestation check for Shared Storage on https://www.googleadservices.com failed. @ https://www.googleadservices.com/pagead/managed/js/activeview/current/reach_worklet.html:0
[  216449ms] [ERROR] Attestation check for Shared Storage on https://www.googleadservices.com failed. @ https://www.googleadservices.com/pagead/managed/js/activeview/current/reach_worklet.html:0
[  216821ms] [ERROR] Attestation check for Shared Storage on https://www.googleadservices.com failed. @ https://www.googleadservices.com/pagead/managed/js/activeview/current/reach_worklet.html:0
[  246030ms] [ERROR] Attestation check for Shared Storage on https://www.googleadservices.com failed. @ https://www.googleadservices.com/pagead/managed/js/activeview/current/reach_worklet.html:0
[  246833ms] [ERROR] Attestation check for Shared Storage on https://www.googleadservices.com failed. @ https://www.googleadservices.com/pagead/managed/js/activeview/current/reach_worklet.html:0
[  247049ms] [ERROR] Attestation check for Shared Storage on https://www.googleadservices.com failed. @ https://www.googleadservices.com/pagead/managed/js/activeview/current/reach_worklet.html:0
[  276478ms] [ERROR] Attestation check for Shared Storage on https://www.googleadservices.com failed. @ https://www.googleadservices.com/pagead/managed/js/activeview/current/reach_worklet.html:0
[  277352ms] [ERROR] Attestation check for Shared Storage on https://www.googleadservices.com failed. @ https://www.googleadservices.com/pagead/managed/js/activeview/current/reach_worklet.html:0
[  277530ms] [ERROR] Attestation check for Shared Storage on https://www.googleadservices.com failed. @ https://www.googleadservices.com/pagead/managed/js/activeview/current/reach_worklet.html:0
[  303571ms] [ERROR] Attestation check for Protected Audience on https://htlb.casalemedia.com failed. @ https://www.metasrc.com/lol/arena/build/volibear:0
[  303571ms] [ERROR] Attestation check for Protected Audience on https://fastlane.rubiconproject.com failed. @ https://www.metasrc.com/lol/arena/build/volibear:0
[  303571ms] [ERROR] Attestation check for Protected Audience on https://s.seedtag.com failed. @ https://www.metasrc.com/lol/arena/build/volibear:0
[  303571ms] [ERROR] Attestation check for Protected Audience on https://rtb.openx.net failed. @ https://www.metasrc.com/lol/arena/build/volibear:0
[  303571ms] [ERROR] Attestation check for Protected Audience on https://btlr.sharethrough.com failed. @ https://www.metasrc.com/lol/arena/build/volibear:0
[  303575ms] [ERROR] Attestation check for Protected Audience on https://hbopenbid.pubmatic.com failed. @ https://www.metasrc.com/lol/arena/build/volibear:0
[  303575ms] [ERROR] Attestation check for Protected Audience on https://grid-bidder.criteo.com failed. @ https://www.metasrc.com/lol/arena/build/volibear:0
[  304440ms] [ERROR] Attestation check for Protected Audience on https://s.seedtag.com failed. @ https://www.metasrc.com/lol/arena/build/volibear:0
[  304440ms] [ERROR] Attestation check for Protected Audience on https://fastlane.rubiconproject.com failed. @ https://www.metasrc.com/lol/arena/build/volibear:0
[  304440ms] [ERROR] Attestation check for Protected Audience on https://btlr.sharethrough.com failed. @ https://www.metasrc.com/lol/arena/build/volibear:0
[  304440ms] [ERROR] Attestation check for Protected Audience on https://htlb.casalemedia.com failed. @ https://www.metasrc.com/lol/arena/build/volibear:0
[  304440ms] [ERROR] Attestation check for Protected Audience on https://rtb.openx.net failed. @ https://www.metasrc.com/lol/arena/build/volibear:0
[  304444ms] [ERROR] Attestation check for Protected Audience on https://hbopenbid.pubmatic.com failed. @ https://www.metasrc.com/lol/arena/build/volibear:0
[  304446ms] [ERROR] Attestation check for Protected Audience on https://grid-bidder.criteo.com failed. @ https://www.metasrc.com/lol/arena/build/volibear:0
[    4326ms] [ERROR] Attestation check for Shared Storage on https://www.googleadservices.com failed. @ https://www.googleadservices.com/pagead/managed/js/activeview/current/reach_worklet.html:0
[    4336ms] [ERROR] Attestation check for Shared Storage on https://www.googleadservices.com failed. @ https://www.googleadservices.com/pagead/managed/js/activeview/current/reach_worklet.html:0
[    4340ms] [ERROR] Attestation check for Shared Storage on https://www.googleadservices.com failed. @ https://www.googleadservices.com/pagead/managed/js/activeview/current/reach_worklet.html:0
[    4347ms] [ERROR] Attestation check for Shared Storage on https://www.googleadservices.com failed. @ https://www.googleadservices.com/pagead/managed/js/activeview/current/reach_worklet.html:0
[   33271ms] [ERROR] Attestation check for Shared Storage on https://www.googleadservices.com failed. @ https://www.googleadservices.com/pagead/managed/js/activeview/current/reach_worklet.html:0
[   33434ms] [ERROR] Attestation check for Shared Storage on https://www.googleadservices.com failed. @ https://www.googleadservices.com/pagead/managed/js/activeview/current/reach_worklet.html:0
[   33548ms] [ERROR] Attestation check for Shared Storage on https://www.googleadservices.com failed. @ https://www.googleadservices.com/pagead/managed/js/activeview/current/reach_worklet.html:0
[   33793ms] [ERROR] Attestation check for Shared Storage on https://www.googleadservices.com failed. @ https://www.googleadservices.com/pagead/managed/js/activeview/current/reach_worklet.html:0
[   63619ms] [ERROR] Attestation check for Shared Storage on https://www.googleadservices.com failed. @ https://www.googleadservices.com/pagead/managed/js/activeview/current/reach_worklet.html:0
[   63738ms] [ERROR] Attestation check for Shared Storage on https://www.googleadservices.com failed. @ https://www.googleadservices.com/pagead/managed/js/activeview/current/reach_worklet.html:0
[   64094ms] [ERROR] Attestation check for Shared Storage on https://www.googleadservices.com failed. @ https://www.googleadservices.com/pagead/managed/js/activeview/current/reach_worklet.html:0
[   64370ms] [ERROR] Attestation check for Shared Storage on https://www.googleadservices.com failed. @ https://www.googleadservices.com/pagead/managed/js/activeview/current/reach_worklet.html:0
[   94069ms] [ERROR] Attestation check for Shared Storage on https://www.googleadservices.com failed. @ https://www.googleadservices.com/pagead/managed/js/activeview/current/reach_worklet.html:0
[   94172ms] [ERROR] Attestation check for Shared Storage on https://www.googleadservices.com failed. @ https://www.googleadservices.com/pagead/managed/js/activeview/current/reach_worklet.html:0
[   94451ms] [ERROR] Attestation check for Shared Storage on https://www.googleadservices.com failed. @ https://www.googleadservices.com/pagead/managed/js/activeview/current/reach_worklet.html:0
[   94633ms] [ERROR] Attestation check for Shared Storage on https://www.googleadservices.com failed. @ https://www.googleadservices.com/pagead/managed/js/activeview/current/reach_worklet.html:0
[  124463ms] [ERROR] Attestation check for Shared Storage on https://www.googleadservices.com failed. @ https://www.googleadservices.com/pagead/managed/js/activeview/current/reach_worklet.html:0
[  124617ms] [ERROR] Attestation check for Shared Storage on https://www.googleadservices.com failed. @ https://www.googleadservices.com/pagead/managed/js/activeview/current/reach_worklet.html:0
[  124689ms] [ERROR] Attestation check for Shared Storage on https://www.googleadservices.com failed. @ https://www.googleadservices.com/pagead/managed/js/activeview/current/reach_worklet.html:0
[  154808ms] [ERROR] Attestation check for Shared Storage on https://www.googleadservices.com failed. @ https://www.googleadservices.com/pagead/managed/js/activeview/current/reach_worklet.html:0
[  155430ms] [ERROR] Attestation check for Shared Storage on https://www.googleadservices.com failed. @ https://www.googleadservices.com/pagead/managed/js/activeview/current/reach_worklet.html:0
[  215567ms] [ERROR] Attestation check for Shared Storage on https://www.googleadservices.com failed. @ https://www.googleadservices.com/pagead/managed/js/activeview/current/reach_worklet.html:0
[  215669ms] [ERROR] Attestation check for Shared Storage on https://www.googleadservices.com failed. @ https://www.googleadservices.com/pagead/managed/js/activeview/current/reach_worklet.html:0
[  216449ms] [ERROR] Attestation check for Shared Storage on https://www.googleadservices.com failed. @ https://www.googleadservices.com/pagead/managed/js/activeview/current/reach_worklet.html:0
[  216821ms] [ERROR] Attestation check for Shared Storage on https://www.googleadservices.com failed. @ https://www.googleadservices.com/pagead/managed/js/activeview/current/reach_worklet.html:0
[  246030ms] [ERROR] Attestation check for Shared Storage on https://www.googleadservices.com failed. @ https://www.googleadservices.com/pagead/managed/js/activeview/current/reach_worklet.html:0
[  246833ms] [ERROR] Attestation check for Shared Storage on https://www.googleadservices.com failed. @ https://www.googleadservices.com/pagead/managed/js/activeview/current/reach_worklet.html:0
[  247049ms] [ERROR] Attestation check for Shared Storage on https://www.googleadservices.com failed. @ https://www.googleadservices.com/pagead/managed/js/activeview/current/reach_worklet.html:0
[  276478ms] [ERROR] Attestation check for Shared Storage on https://www.googleadservices.com failed. @ https://www.googleadservices.com/pagead/managed/js/activeview/current/reach_worklet.html:0
[  277352ms] [ERROR] Attestation check for Shared Storage on https://www.googleadservices.com failed. @ https://www.googleadservices.com/pagead/managed/js/activeview/current/reach_worklet.html:0
[  277530ms] [ERROR] Attestation check for Shared Storage on https://www.googleadservices.com failed. @ https://www.googleadservices.com/pagead/managed/js/activeview/current/reach_worklet.html:0
[  307877ms] [ERROR] Attestation check for Shared Storage on https://www.googleadservices.com failed. @ https://www.googleadservices.com/pagead/managed/js/activeview/current/reach_worklet.html:0
[  307933ms] [ERROR] Attestation check for Attribution Reporting on https://ad.doubleclick.net failed. @ https://www.metasrc.com/lol/arena/build/volibear:0
[  307974ms] [ERROR] Attestation check for Attribution Reporting on https://ad.doubleclick.net failed. @ https://www.metasrc.com/lol/arena/build/volibear:0
[  334803ms] [ERROR] Attestation check for Protected Audience on https://s.seedtag.com failed. @ https://www.metasrc.com/lol/arena/build/volibear:0
[  334803ms] [ERROR] Attestation check for Protected Audience on https://btlr.sharethrough.com failed. @ https://www.metasrc.com/lol/arena/build/volibear:0
[  334803ms] [ERROR] Attestation check for Protected Audience on https://fastlane.rubiconproject.com failed. @ https://www.metasrc.com/lol/arena/build/volibear:0
[  334803ms] [ERROR] Attestation check for Protected Audience on https://rtb.openx.net failed. @ https://www.metasrc.com/lol/arena/build/volibear:0
[  334803ms] [ERROR] Attestation check for Protected Audience on https://htlb.casalemedia.com failed. @ https://www.metasrc.com/lol/arena/build/volibear:0
[  334805ms] [ERROR] Attestation check for Protected Audience on https://hbopenbid.pubmatic.com failed. @ https://www.metasrc.com/lol/arena/build/volibear:0
[  334806ms] [ERROR] Attestation check for Protected Audience on https://grid-bidder.criteo.com failed. @ https://www.metasrc.com/lol/arena/build/volibear:0
[    4326ms] [ERROR] Attestation check for Shared Storage on https://www.googleadservices.com failed. @ https://www.googleadservices.com/pagead/managed/js/activeview/current/reach_worklet.html:0
[    4336ms] [ERROR] Attestation check for Shared Storage on https://www.googleadservices.com failed. @ https://www.googleadservices.com/pagead/managed/js/activeview/current/reach_worklet.html:0
[    4340ms] [ERROR] Attestation check for Shared Storage on https://www.googleadservices.com failed. @ https://www.googleadservices.com/pagead/managed/js/activeview/current/reach_worklet.html:0
[    4347ms] [ERROR] Attestation check for Shared Storage on https://www.googleadservices.com failed. @ https://www.googleadservices.com/pagead/managed/js/activeview/current/reach_worklet.html:0
[   33271ms] [ERROR] Attestation check for Shared Storage on https://www.googleadservices.com failed. @ https://www.googleadservices.com/pagead/managed/js/activeview/current/reach_worklet.html:0
[   33434ms] [ERROR] Attestation check for Shared Storage on https://www.googleadservices.com failed. @ https://www.googleadservices.com/pagead/managed/js/activeview/current/reach_worklet.html:0
[   33548ms] [ERROR] Attestation check for Shared Storage on https://www.googleadservices.com failed. @ https://www.googleadservices.com/pagead/managed/js/activeview/current/reach_worklet.html:0
[   33793ms] [ERROR] Attestation check for Shared Storage on https://www.googleadservices.com failed. @ https://www.googleadservices.com/pagead/managed/js/activeview/current/reach_worklet.html:0
[   63619ms] [ERROR] Attestation check for Shared Storage on https://www.googleadservices.com failed. @ https://www.googleadservices.com/pagead/managed/js/activeview/current/reach_worklet.html:0
[   63738ms] [ERROR] Attestation check for Shared Storage on https://www.googleadservices.com failed. @ https://www.googleadservices.com/pagead/managed/js/activeview/current/reach_worklet.html:0
[   64094ms] [ERROR] Attestation check for Shared Storage on https://www.googleadservices.com failed. @ https://www.googleadservices.com/pagead/managed/js/activeview/current/reach_worklet.html:0
[   64370ms] [ERROR] Attestation check for Shared Storage on https://www.googleadservices.com failed. @ https://www.googleadservices.com/pagead/managed/js/activeview/current/reach_worklet.html:0
[   94069ms] [ERROR] Attestation check for Shared Storage on https://www.googleadservices.com failed. @ https://www.googleadservices.com/pagead/managed/js/activeview/current/reach_worklet.html:0
[   94172ms] [ERROR] Attestation check for Shared Storage on https://www.googleadservices.com failed. @ https://www.googleadservices.com/pagead/managed/js/activeview/current/reach_worklet.html:0
[   94451ms] [ERROR] Attestation check for Shared Storage on https://www.googleadservices.com failed. @ https://www.googleadservices.com/pagead/managed/js/activeview/current/reach_worklet.html:0
[   94633ms] [ERROR] Attestation check for Shared Storage on https://www.googleadservices.com failed. @ https://www.googleadservices.com/pagead/managed/js/activeview/current/reach_worklet.html:0
[  124463ms] [ERROR] Attestation check for Shared Storage on https://www.googleadservices.com failed. @ https://www.googleadservices.com/pagead/managed/js/activeview/current/reach_worklet.html:0
[  124617ms] [ERROR] Attestation check for Shared Storage on https://www.googleadservices.com failed. @ https://www.googleadservices.com/pagead/managed/js/activeview/current/reach_worklet.html:0
[  124689ms] [ERROR] Attestation check for Shared Storage on https://www.googleadservices.com failed. @ https://www.googleadservices.com/pagead/managed/js/activeview/current/reach_worklet.html:0
[  154808ms] [ERROR] Attestation check for Shared Storage on https://www.googleadservices.com failed. @ https://www.googleadservices.com/pagead/managed/js/activeview/current/reach_worklet.html:0
[  155430ms] [ERROR] Attestation check for Shared Storage on https://www.googleadservices.com failed. @ https://www.googleadservices.com/pagead/managed/js/activeview/current/reach_worklet.html:0
[  215567ms] [ERROR] Attestation check for Shared Storage on https://www.googleadservices.com failed. @ https://www.googleadservices.com/pagead/managed/js/activeview/current/reach_worklet.html:0
[  215669ms] [ERROR] Attestation check for Shared Storage on https://www.googleadservices.com failed. @ https://www.googleadservices.com/pagead/managed/js/activeview/current/reach_worklet.html:0
[  216449ms] [ERROR] Attestation check for Shared Storage on https://www.googleadservices.com failed. @ https://www.googleadservices.com/pagead/managed/js/activeview/current/reach_worklet.html:0
[  216821ms] [ERROR] Attestation check for Shared Storage on https://www.googleadservices.com failed. @ https://www.googleadservices.com/pagead/managed/js/activeview/current/reach_worklet.html:0
[  246030ms] [ERROR] Attestation check for Shared Storage on https://www.googleadservices.com failed. @ https://www.googleadservices.com/pagead/managed/js/activeview/current/reach_worklet.html:0
[  246833ms] [ERROR] Attestation check for Shared Storage on https://www.googleadservices.com failed. @ https://www.googleadservices.com/pagead/managed/js/activeview/current/reach_worklet.html:0
[  247049ms] [ERROR] Attestation check for Shared Storage on https://www.googleadservices.com failed. @ https://www.googleadservices.com/pagead/managed/js/activeview/current/reach_worklet.html:0
[  276478ms] [ERROR] Attestation check for Shared Storage on https://www.googleadservices.com failed. @ https://www.googleadservices.com/pagead/managed/js/activeview/current/reach_worklet.html:0
[  277352ms] [ERROR] Attestation check for Shared Storage on https://www.googleadservices.com failed. @ https://www.googleadservices.com/pagead/managed/js/activeview/current/reach_worklet.html:0
[  277530ms] [ERROR] Attestation check for Shared Storage on https://www.googleadservices.com failed. @ https://www.googleadservices.com/pagead/managed/js/activeview/current/reach_worklet.html:0
[  307877ms] [ERROR] Attestation check for Shared Storage on https://www.googleadservices.com failed. @ https://www.googleadservices.com/pagead/managed/js/activeview/current/reach_worklet.html:0
[  338176ms] [ERROR] Attestation check for Shared Storage on https://www.googleadservices.com failed. @ https://www.googleadservices.com/pagead/managed/js/activeview/current/reach_worklet.html:0
[  338221ms] [ERROR] Attestation check for Attribution Reporting on https://ad.doubleclick.net failed. @ https://www.metasrc.com/lol/arena/build/volibear:0
[  338278ms] [ERROR] Attestation check for Attribution Reporting on https://ad.doubleclick.net failed. @ https://www.metasrc.com/lol/arena/build/volibear:0
[  365251ms] [ERROR] Attestation check for Protected Audience on https://rtb.openx.net failed. @ https://www.metasrc.com/lol/arena/build/volibear:0
[  365251ms] [ERROR] Attestation check for Protected Audience on https://s.seedtag.com failed. @ https://www.metasrc.com/lol/arena/build/volibear:0
[  365251ms] [ERROR] Attestation check for Protected Audience on https://fastlane.rubiconproject.com failed. @ https://www.metasrc.com/lol/arena/build/volibear:0
[  365251ms] [ERROR] Attestation check for Protected Audience on https://htlb.casalemedia.com failed. @ https://www.metasrc.com/lol/arena/build/volibear:0
[  365251ms] [ERROR] Attestation check for Protected Audience on https://btlr.sharethrough.com failed. @ https://www.metasrc.com/lol/arena/build/volibear:0
[  365255ms] [ERROR] Attestation check for Protected Audience on https://hbopenbid.pubmatic.com failed. @ https://www.metasrc.com/lol/arena/build/volibear:0
[  365255ms] [ERROR] Attestation check for Protected Audience on https://grid-bidder.criteo.com failed. @ https://www.metasrc.com/lol/arena/build/volibear:0
[    4326ms] [ERROR] Attestation check for Shared Storage on https://www.googleadservices.com failed. @ https://www.googleadservices.com/pagead/managed/js/activeview/current/reach_worklet.html:0
[    4336ms] [ERROR] Attestation check for Shared Storage on https://www.googleadservices.com failed. @ https://www.googleadservices.com/pagead/managed/js/activeview/current/reach_worklet.html:0
[    4340ms] [ERROR] Attestation check for Shared Storage on https://www.googleadservices.com failed. @ https://www.googleadservices.com/pagead/managed/js/activeview/current/reach_worklet.html:0
[    4347ms] [ERROR] Attestation check for Shared Storage on https://www.googleadservices.com failed. @ https://www.googleadservices.com/pagead/managed/js/activeview/current/reach_worklet.html:0
[   33271ms] [ERROR] Attestation check for Shared Storage on https://www.googleadservices.com failed. @ https://www.googleadservices.com/pagead/managed/js/activeview/current/reach_worklet.html:0
[   33434ms] [ERROR] Attestation check for Shared Storage on https://www.googleadservices.com failed. @ https://www.googleadservices.com/pagead/managed/js/activeview/current/reach_worklet.html:0
[   33548ms] [ERROR] Attestation check for Shared Storage on https://www.googleadservices.com failed. @ https://www.googleadservices.com/pagead/managed/js/activeview/current/reach_worklet.html:0
[   33793ms] [ERROR] Attestation check for Shared Storage on https://www.googleadservices.com failed. @ https://www.googleadservices.com/pagead/managed/js/activeview/current/reach_worklet.html:0
[   63619ms] [ERROR] Attestation check for Shared Storage on https://www.googleadservices.com failed. @ https://www.googleadservices.com/pagead/managed/js/activeview/current/reach_worklet.html:0
[   63738ms] [ERROR] Attestation check for Shared Storage on https://www.googleadservices.com failed. @ https://www.googleadservices.com/pagead/managed/js/activeview/current/reach_worklet.html:0
[   64094ms] [ERROR] Attestation check for Shared Storage on https://www.googleadservices.com failed. @ https://www.googleadservices.com/pagead/managed/js/activeview/current/reach_worklet.html:0
[   64370ms] [ERROR] Attestation check for Shared Storage on https://www.googleadservices.com failed. @ https://www.googleadservices.com/pagead/managed/js/activeview/current/reach_worklet.html:0
[   94069ms] [ERROR] Attestation check for Shared Storage on https://www.googleadservices.com failed. @ https://www.googleadservices.com/pagead/managed/js/activeview/current/reach_worklet.html:0
[   94172ms] [ERROR] Attestation check for Shared Storage on https://www.googleadservices.com failed. @ https://www.googleadservices.com/pagead/managed/js/activeview/current/reach_worklet.html:0
[   94451ms] [ERROR] Attestation check for Shared Storage on https://www.googleadservices.com failed. @ https://www.googleadservices.com/pagead/managed/js/activeview/current/reach_worklet.html:0
[   94633ms] [ERROR] Attestation check for Shared Storage on https://www.googleadservices.com failed. @ https://www.googleadservices.com/pagead/managed/js/activeview/current/reach_worklet.html:0
[  124463ms] [ERROR] Attestation check for Shared Storage on https://www.googleadservices.com failed. @ https://www.googleadservices.com/pagead/managed/js/activeview/current/reach_worklet.html:0
[  124617ms] [ERROR] Attestation check for Shared Storage on https://www.googleadservices.com failed. @ https://www.googleadservices.com/pagead/managed/js/activeview/current/reach_worklet.html:0
[  124689ms] [ERROR] Attestation check for Shared Storage on https://www.googleadservices.com failed. @ https://www.googleadservices.com/pagead/managed/js/activeview/current/reach_worklet.html:0
[  154808ms] [ERROR] Attestation check for Shared Storage on https://www.googleadservices.com failed. @ https://www.googleadservices.com/pagead/managed/js/activeview/current/reach_worklet.html:0
[  155430ms] [ERROR] Attestation check for Shared Storage on https://www.googleadservices.com failed. @ https://www.googleadservices.com/pagead/managed/js/activeview/current/reach_worklet.html:0
[  215567ms] [ERROR] Attestation check for Shared Storage on https://www.googleadservices.com failed. @ https://www.googleadservices.com/pagead/managed/js/activeview/current/reach_worklet.html:0
[  215669ms] [ERROR] Attestation check for Shared Storage on https://www.googleadservices.com failed. @ https://www.googleadservices.com/pagead/managed/js/activeview/current/reach_worklet.html:0
[  216449ms] [ERROR] Attestation check for Shared Storage on https://www.googleadservices.com failed. @ https://www.googleadservices.com/pagead/managed/js/activeview/current/reach_worklet.html:0
[  216821ms] [ERROR] Attestation check for Shared Storage on https://www.googleadservices.com failed. @ https://www.googleadservices.com/pagead/managed/js/activeview/current/reach_worklet.html:0
[  246030ms] [ERROR] Attestation check for Shared Storage on https://www.googleadservices.com failed. @ https://www.googleadservices.com/pagead/managed/js/activeview/current/reach_worklet.html:0
[  246833ms] [ERROR] Attestation check for Shared Storage on https://www.googleadservices.com failed. @ https://www.googleadservices.com/pagead/managed/js/activeview/current/reach_worklet.html:0
[  247049ms] [ERROR] Attestation check for Shared Storage on https://www.googleadservices.com failed. @ https://www.googleadservices.com/pagead/managed/js/activeview/current/reach_worklet.html:0
[  276478ms] [ERROR] Attestation check for Shared Storage on https://www.googleadservices.com failed. @ https://www.googleadservices.com/pagead/managed/js/activeview/current/reach_worklet.html:0
[  277352ms] [ERROR] Attestation check for Shared Storage on https://www.googleadservices.com failed. @ https://www.googleadservices.com/pagead/managed/js/activeview/current/reach_worklet.html:0
[  277530ms] [ERROR] Attestation check for Shared Storage on https://www.googleadservices.com failed. @ https://www.googleadservices.com/pagead/managed/js/activeview/current/reach_worklet.html:0
[  307877ms] [ERROR] Attestation check for Shared Storage on https://www.googleadservices.com failed. @ https://www.googleadservices.com/pagead/managed/js/activeview/current/reach_worklet.html:0
[  338176ms] [ERROR] Attestation check for Shared Storage on https://www.googleadservices.com failed. @ https://www.googleadservices.com/pagead/managed/js/activeview/current/reach_worklet.html:0
[  368634ms] [ERROR] Attestation check for Shared Storage on https://www.googleadservices.com failed. @ https://www.googleadservices.com/pagead/managed/js/activeview/current/reach_worklet.html:0
[  368989ms] [ERROR] Attestation check for Attribution Reporting on https://ad.doubleclick.net failed. @ https://www.metasrc.com/lol/arena/build/volibear:0
[  369330ms] [ERROR] Attestation check for Attribution Reporting on https://ad.doubleclick.net failed. @ https://www.metasrc.com/lol/arena/build/volibear:0
[  395701ms] [ERROR] Attestation check for Protected Audience on https://s.seedtag.com failed. @ https://www.metasrc.com/lol/arena/build/volibear:0
[  395701ms] [ERROR] Attestation check for Protected Audience on https://btlr.sharethrough.com failed. @ https://www.metasrc.com/lol/arena/build/volibear:0
[  395701ms] [ERROR] Attestation check for Protected Audience on https://htlb.casalemedia.com failed. @ https://www.metasrc.com/lol/arena/build/volibear:0
[  395701ms] [ERROR] Attestation check for Protected Audience on https://fastlane.rubiconproject.com failed. @ https://www.metasrc.com/lol/arena/build/volibear:0
[  395701ms] [ERROR] Attestation check for Protected Audience on https://rtb.openx.net failed. @ https://www.metasrc.com/lol/arena/build/volibear:0
[  395704ms] [ERROR] Attestation check for Protected Audience on https://hbopenbid.pubmatic.com failed. @ https://www.metasrc.com/lol/arena/build/volibear:0
[  395705ms] [ERROR] Attestation check for Protected Audience on https://grid-bidder.criteo.com failed. @ https://www.metasrc.com/lol/arena/build/volibear:0
[    4326ms] [ERROR] Attestation check for Shared Storage on https://www.googleadservices.com failed. @ https://www.googleadservices.com/pagead/managed/js/activeview/current/reach_worklet.html:0
[    4336ms] [ERROR] Attestation check for Shared Storage on https://www.googleadservices.com failed. @ https://www.googleadservices.com/pagead/managed/js/activeview/current/reach_worklet.html:0
[    4340ms] [ERROR] Attestation check for Shared Storage on https://www.googleadservices.com failed. @ https://www.googleadservices.com/pagead/managed/js/activeview/current/reach_worklet.html:0
[    4347ms] [ERROR] Attestation check for Shared Storage on https://www.googleadservices.com failed. @ https://www.googleadservices.com/pagead/managed/js/activeview/current/reach_worklet.html:0
[   33271ms] [ERROR] Attestation check for Shared Storage on https://www.googleadservices.com failed. @ https://www.googleadservices.com/pagead/managed/js/activeview/current/reach_worklet.html:0
[   33434ms] [ERROR] Attestation check for Shared Storage on https://www.googleadservices.com failed. @ https://www.googleadservices.com/pagead/managed/js/activeview/current/reach_worklet.html:0
[   33548ms] [ERROR] Attestation check for Shared Storage on https://www.googleadservices.com failed. @ https://www.googleadservices.com/pagead/managed/js/activeview/current/reach_worklet.html:0
[   33793ms] [ERROR] Attestation check for Shared Storage on https://www.googleadservices.com failed. @ https://www.googleadservices.com/pagead/managed/js/activeview/current/reach_worklet.html:0
[   63619ms] [ERROR] Attestation check for Shared Storage on https://www.googleadservices.com failed. @ https://www.googleadservices.com/pagead/managed/js/activeview/current/reach_worklet.html:0
[   63738ms] [ERROR] Attestation check for Shared Storage on https://www.googleadservices.com failed. @ https://www.googleadservices.com/pagead/managed/js/activeview/current/reach_worklet.html:0
[   64094ms] [ERROR] Attestation check for Shared Storage on https://www.googleadservices.com failed. @ https://www.googleadservices.com/pagead/managed/js/activeview/current/reach_worklet.html:0
[   64370ms] [ERROR] Attestation check for Shared Storage on https://www.googleadservices.com failed. @ https://www.googleadservices.com/pagead/managed/js/activeview/current/reach_worklet.html:0
[   94069ms] [ERROR] Attestation check for Shared Storage on https://www.googleadservices.com failed. @ https://www.googleadservices.com/pagead/managed/js/activeview/current/reach_worklet.html:0
[   94172ms] [ERROR] Attestation check for Shared Storage on https://www.googleadservices.com failed. @ https://www.googleadservices.com/pagead/managed/js/activeview/current/reach_worklet.html:0
[   94451ms] [ERROR] Attestation check for Shared Storage on https://www.googleadservices.com failed. @ https://www.googleadservices.com/pagead/managed/js/activeview/current/reach_worklet.html:0
[   94633ms] [ERROR] Attestation check for Shared Storage on https://www.googleadservices.com failed. @ https://www.googleadservices.com/pagead/managed/js/activeview/current/reach_worklet.html:0
[  124463ms] [ERROR] Attestation check for Shared Storage on https://www.googleadservices.com failed. @ https://www.googleadservices.com/pagead/managed/js/activeview/current/reach_worklet.html:0
[  124617ms] [ERROR] Attestation check for Shared Storage on https://www.googleadservices.com failed. @ https://www.googleadservices.com/pagead/managed/js/activeview/current/reach_worklet.html:0
[  124689ms] [ERROR] Attestation check for Shared Storage on https://www.googleadservices.com failed. @ https://www.googleadservices.com/pagead/managed/js/activeview/current/reach_worklet.html:0
[  154808ms] [ERROR] Attestation check for Shared Storage on https://www.googleadservices.com failed. @ https://www.googleadservices.com/pagead/managed/js/activeview/current/reach_worklet.html:0
[  155430ms] [ERROR] Attestation check for Shared Storage on https://www.googleadservices.com failed. @ https://www.googleadservices.com/pagead/managed/js/activeview/current/reach_worklet.html:0
[  215567ms] [ERROR] Attestation check for Shared Storage on https://www.googleadservices.com failed. @ https://www.googleadservices.com/pagead/managed/js/activeview/current/reach_worklet.html:0
[  215669ms] [ERROR] Attestation check for Shared Storage on https://www.googleadservices.com failed. @ https://www.googleadservices.com/pagead/managed/js/activeview/current/reach_worklet.html:0
[  216449ms] [ERROR] Attestation check for Shared Storage on https://www.googleadservices.com failed. @ https://www.googleadservices.com/pagead/managed/js/activeview/current/reach_worklet.html:0
[  216821ms] [ERROR] Attestation check for Shared Storage on https://www.googleadservices.com failed. @ https://www.googleadservices.com/pagead/managed/js/activeview/current/reach_worklet.html:0
[  246030ms] [ERROR] Attestation check for Shared Storage on https://www.googleadservices.com failed. @ https://www.googleadservices.com/pagead/managed/js/activeview/current/reach_worklet.html:0
[  246833ms] [ERROR] Attestation check for Shared Storage on https://www.googleadservices.com failed. @ https://www.googleadservices.com/pagead/managed/js/activeview/current/reach_worklet.html:0
[  247049ms] [ERROR] Attestation check for Shared Storage on https://www.googleadservices.com failed. @ https://www.googleadservices.com/pagead/managed/js/activeview/current/reach_worklet.html:0
[  276478ms] [ERROR] Attestation check for Shared Storage on https://www.googleadservices.com failed. @ https://www.googleadservices.com/pagead/managed/js/activeview/current/reach_worklet.html:0
[  277352ms] [ERROR] Attestation check for Shared Storage on https://www.googleadservices.com failed. @ https://www.googleadservices.com/pagead/managed/js/activeview/current/reach_worklet.html:0
[  277530ms] [ERROR] Attestation check for Shared Storage on https://www.googleadservices.com failed. @ https://www.googleadservices.com/pagead/managed/js/activeview/current/reach_worklet.html:0
[  307877ms] [ERROR] Attestation check for Shared Storage on https://www.googleadservices.com failed. @ https://www.googleadservices.com/pagead/managed/js/activeview/current/reach_worklet.html:0
[  338176ms] [ERROR] Attestation check for Shared Storage on https://www.googleadservices.com failed. @ https://www.googleadservices.com/pagead/managed/js/activeview/current/reach_worklet.html:0
[  368634ms] [ERROR] Attestation check for Shared Storage on https://www.googleadservices.com failed. @ https://www.googleadservices.com/pagead/managed/js/activeview/current/reach_worklet.html:0
[  399199ms] [ERROR] Attestation check for Shared Storage on https://www.googleadservices.com failed. @ https://www.googleadservices.com/pagead/managed/js/activeview/current/reach_worklet.html:0
[  399369ms] [ERROR] Attestation check for Attribution Reporting on https://ad.doubleclick.net failed. @ https://www.metasrc.com/lol/arena/build/volibear:0
[  399378ms] [ERROR] Attestation check for Attribution Reporting on https://ad.doubleclick.net failed. @ https://www.metasrc.com/lol/arena/build/volibear:0
[  426200ms] [ERROR] Attestation check for Protected Audience on https://htlb.casalemedia.com failed. @ https://www.metasrc.com/lol/arena/build/volibear:0
[  426200ms] [ERROR] Attestation check for Protected Audience on https://s.seedtag.com failed. @ https://www.metasrc.com/lol/arena/build/volibear:0
[  426200ms] [ERROR] Attestation check for Protected Audience on https://rtb.openx.net failed. @ https://www.metasrc.com/lol/arena/build/volibear:0
[  426200ms] [ERROR] Attestation check for Protected Audience on https://fastlane.rubiconproject.com failed. @ https://www.metasrc.com/lol/arena/build/volibear:0
[  426200ms] [ERROR] Attestation check for Protected Audience on https://btlr.sharethrough.com failed. @ https://www.metasrc.com/lol/arena/build/volibear:0
[  426203ms] [ERROR] Attestation check for Protected Audience on https://hbopenbid.pubmatic.com failed. @ https://www.metasrc.com/lol/arena/build/volibear:0
[  426204ms] [ERROR] Attestation check for Protected Audience on https://grid-bidder.criteo.com failed. @ https://www.metasrc.com/lol/arena/build/volibear:0
[    4326ms] [ERROR] Attestation check for Shared Storage on https://www.googleadservices.com failed. @ https://www.googleadservices.com/pagead/managed/js/activeview/current/reach_worklet.html:0
[    4336ms] [ERROR] Attestation check for Shared Storage on https://www.googleadservices.com failed. @ https://www.googleadservices.com/pagead/managed/js/activeview/current/reach_worklet.html:0
[    4340ms] [ERROR] Attestation check for Shared Storage on https://www.googleadservices.com failed. @ https://www.googleadservices.com/pagead/managed/js/activeview/current/reach_worklet.html:0
[    4347ms] [ERROR] Attestation check for Shared Storage on https://www.googleadservices.com failed. @ https://www.googleadservices.com/pagead/managed/js/activeview/current/reach_worklet.html:0
[   33271ms] [ERROR] Attestation check for Shared Storage on https://www.googleadservices.com failed. @ https://www.googleadservices.com/pagead/managed/js/activeview/current/reach_worklet.html:0
[   33434ms] [ERROR] Attestation check for Shared Storage on https://www.googleadservices.com failed. @ https://www.googleadservices.com/pagead/managed/js/activeview/current/reach_worklet.html:0
[   33548ms] [ERROR] Attestation check for Shared Storage on https://www.googleadservices.com failed. @ https://www.googleadservices.com/pagead/managed/js/activeview/current/reach_worklet.html:0
[   33793ms] [ERROR] Attestation check for Shared Storage on https://www.googleadservices.com failed. @ https://www.googleadservices.com/pagead/managed/js/activeview/current/reach_worklet.html:0
[   63619ms] [ERROR] Attestation check for Shared Storage on https://www.googleadservices.com failed. @ https://www.googleadservices.com/pagead/managed/js/activeview/current/reach_worklet.html:0
[   63738ms] [ERROR] Attestation check for Shared Storage on https://www.googleadservices.com failed. @ https://www.googleadservices.com/pagead/managed/js/activeview/current/reach_worklet.html:0
[   64094ms] [ERROR] Attestation check for Shared Storage on https://www.googleadservices.com failed. @ https://www.googleadservices.com/pagead/managed/js/activeview/current/reach_worklet.html:0
[   64370ms] [ERROR] Attestation check for Shared Storage on https://www.googleadservices.com failed. @ https://www.googleadservices.com/pagead/managed/js/activeview/current/reach_worklet.html:0
[   94069ms] [ERROR] Attestation check for Shared Storage on https://www.googleadservices.com failed. @ https://www.googleadservices.com/pagead/managed/js/activeview/current/reach_worklet.html:0
[   94172ms] [ERROR] Attestation check for Shared Storage on https://www.googleadservices.com failed. @ https://www.googleadservices.com/pagead/managed/js/activeview/current/reach_worklet.html:0
[   94451ms] [ERROR] Attestation check for Shared Storage on https://www.googleadservices.com failed. @ https://www.googleadservices.com/pagead/managed/js/activeview/current/reach_worklet.html:0
[   94633ms] [ERROR] Attestation check for Shared Storage on https://www.googleadservices.com failed. @ https://www.googleadservices.com/pagead/managed/js/activeview/current/reach_worklet.html:0
[  124463ms] [ERROR] Attestation check for Shared Storage on https://www.googleadservices.com failed. @ https://www.googleadservices.com/pagead/managed/js/activeview/current/reach_worklet.html:0
[  124617ms] [ERROR] Attestation check for Shared Storage on https://www.googleadservices.com failed. @ https://www.googleadservices.com/pagead/managed/js/activeview/current/reach_worklet.html:0
[  124689ms] [ERROR] Attestation check for Shared Storage on https://www.googleadservices.com failed. @ https://www.googleadservices.com/pagead/managed/js/activeview/current/reach_worklet.html:0
[  154808ms] [ERROR] Attestation check for Shared Storage on https://www.googleadservices.com failed. @ https://www.googleadservices.com/pagead/managed/js/activeview/current/reach_worklet.html:0
[  155430ms] [ERROR] Attestation check for Shared Storage on https://www.googleadservices.com failed. @ https://www.googleadservices.com/pagead/managed/js/activeview/current/reach_worklet.html:0
[  215567ms] [ERROR] Attestation check for Shared Storage on https://www.googleadservices.com failed. @ https://www.googleadservices.com/pagead/managed/js/activeview/current/reach_worklet.html:0
[  215669ms] [ERROR] Attestation check for Shared Storage on https://www.googleadservices.com failed. @ https://www.googleadservices.com/pagead/managed/js/activeview/current/reach_worklet.html:0
[  216449ms] [ERROR] Attestation check for Shared Storage on https://www.googleadservices.com failed. @ https://www.googleadservices.com/pagead/managed/js/activeview/current/reach_worklet.html:0
[  216821ms] [ERROR] Attestation check for Shared Storage on https://www.googleadservices.com failed. @ https://www.googleadservices.com/pagead/managed/js/activeview/current/reach_worklet.html:0
[  246030ms] [ERROR] Attestation check for Shared Storage on https://www.googleadservices.com failed. @ https://www.googleadservices.com/pagead/managed/js/activeview/current/reach_worklet.html:0
[  246833ms] [ERROR] Attestation check for Shared Storage on https://www.googleadservices.com failed. @ https://www.googleadservices.com/pagead/managed/js/activeview/current/reach_worklet.html:0
[  247049ms] [ERROR] Attestation check for Shared Storage on https://www.googleadservices.com failed. @ https://www.googleadservices.com/pagead/managed/js/activeview/current/reach_worklet.html:0
[  276478ms] [ERROR] Attestation check for Shared Storage on https://www.googleadservices.com failed. @ https://www.googleadservices.com/pagead/managed/js/activeview/current/reach_worklet.html:0
[  277352ms] [ERROR] Attestation check for Shared Storage on https://www.googleadservices.com failed. @ https://www.googleadservices.com/pagead/managed/js/activeview/current/reach_worklet.html:0
[  277530ms] [ERROR] Attestation check for Shared Storage on https://www.googleadservices.com failed. @ https://www.googleadservices.com/pagead/managed/js/activeview/current/reach_worklet.html:0
[  307877ms] [ERROR] Attestation check for Shared Storage on https://www.googleadservices.com failed. @ https://www.googleadservices.com/pagead/managed/js/activeview/current/reach_worklet.html:0
[  338176ms] [ERROR] Attestation check for Shared Storage on https://www.googleadservices.com failed. @ https://www.googleadservices.com/pagead/managed/js/activeview/current/reach_worklet.html:0
[  368634ms] [ERROR] Attestation check for Shared Storage on https://www.googleadservices.com failed. @ https://www.googleadservices.com/pagead/managed/js/activeview/current/reach_worklet.html:0
[  399199ms] [ERROR] Attestation check for Shared Storage on https://www.googleadservices.com failed. @ https://www.googleadservices.com/pagead/managed/js/activeview/current/reach_worklet.html:0
[  429493ms] [ERROR] Attestation check for Shared Storage on https://www.googleadservices.com failed. @ https://www.googleadservices.com/pagead/managed/js/activeview/current/reach_worklet.html:0
[   23308ms] [ERROR] Failed to load resource: net::ERR_CONNECTION_TIMED_OUT @ https://rbp.mxptint.net/sn.ashx?gdpr_consent=CQkP9QAQkP9QAEsACBENCfFoAP_gAEPgACiQLTsB_C5OTWFh8LZ3QbskeYQH97BgbkAwAgRIgkIBSDoSpJwAw2AYAAjSIiAIGRIAqnSBIAEACACERECAIIAFogBMIECQoDNCIIBECAMBACBQCARoE4thEQAAgmoEJkQRgBANQVIMWEyASohDknARbCAwAACQAIcICEF0QAMSkMAAZGxcpIrICACBEEgIAlmPBCIpoBAIIhAERAkhgABgUdgIhEICAIWhAKIAgAEgloAAAAAAAAAIK1sB_C5MTXFh8LBXwbskOYQX97AAbkAwAARIgkIBSDoSpIwA02AQAAiSICQIGRAAonQBIAEACAgERECBAIAFIgBMAEAQoDNAAMBEACMBACBQAABIA4thEQABgGoEJEQRgAAMQFIEWEyAWIgjknABaKAQAACQCIMAGEFkQAMQkMAA5GRKxIpICICBEEAIAhmPBCIloFAIohCERIohAABgUMAIBEACAIWhAKAAgQEgkoAA.ILTsB_C5OTXFh8LZ3wbskeYQX97BgbkAwAgRIgkIBSDoSpJwA02AYAAjSIiQIGRIAqnSBIAEACAiERECBIIAFogBMIECQoDNCIMBECCMBACBQCARoE4thEQABgmoEJkQRgBANQVIMWEyAWohjknARbKAwAACQCIcIGEF0QAMSkMAA5Gxe5IrICICBEEgIAlmPBCItoFAIohCERIshgABgUdgIhEICAIWhAKIAgQEgloAAAAAAAAAIA.cAAAD_gAAAA&gdpr=1:0
[    4326ms] [ERROR] Attestation check for Shared Storage on https://www.googleadservices.com failed. @ https://www.googleadservices.com/pagead/managed/js/activeview/current/reach_worklet.html:0
[    4336ms] [ERROR] Attestation check for Shared Storage on https://www.googleadservices.com failed. @ https://www.googleadservices.com/pagead/managed/js/activeview/current/reach_worklet.html:0
[    4340ms] [ERROR] Attestation check for Shared Storage on https://www.googleadservices.com failed. @ https://www.googleadservices.com/pagead/managed/js/activeview/current/reach_worklet.html:0
[    4347ms] [ERROR] Attestation check for Shared Storage on https://www.googleadservices.com failed. @ https://www.googleadservices.com/pagead/managed/js/activeview/current/reach_worklet.html:0
[   33271ms] [ERROR] Attestation check for Shared Storage on https://www.googleadservices.com failed. @ https://www.googleadservices.com/pagead/managed/js/activeview/current/reach_worklet.html:0
[   33434ms] [ERROR] Attestation check for Shared Storage on https://www.googleadservices.com failed. @ https://www.googleadservices.com/pagead/managed/js/activeview/current/reach_worklet.html:0
[   33548ms] [ERROR] Attestation check for Shared Storage on https://www.googleadservices.com failed. @ https://www.googleadservices.com/pagead/managed/js/activeview/current/reach_worklet.html:0
[   33793ms] [ERROR] Attestation check for Shared Storage on https://www.googleadservices.com failed. @ https://www.googleadservices.com/pagead/managed/js/activeview/current/reach_worklet.html:0
[   63619ms] [ERROR] Attestation check for Shared Storage on https://www.googleadservices.com failed. @ https://www.googleadservices.com/pagead/managed/js/activeview/current/reach_worklet.html:0
[   63738ms] [ERROR] Attestation check for Shared Storage on https://www.googleadservices.com failed. @ https://www.googleadservices.com/pagead/managed/js/activeview/current/reach_worklet.html:0
[   64094ms] [ERROR] Attestation check for Shared Storage on https://www.googleadservices.com failed. @ https://www.googleadservices.com/pagead/managed/js/activeview/current/reach_worklet.html:0
[   64370ms] [ERROR] Attestation check for Shared Storage on https://www.googleadservices.com failed. @ https://www.googleadservices.com/pagead/managed/js/activeview/current/reach_worklet.html:0
[   94069ms] [ERROR] Attestation check for Shared Storage on https://www.googleadservices.com failed. @ https://www.googleadservices.com/pagead/managed/js/activeview/current/reach_worklet.html:0
[   94172ms] [ERROR] Attestation check for Shared Storage on https://www.googleadservices.com failed. @ https://www.googleadservices.com/pagead/managed/js/activeview/current/reach_worklet.html:0
[   94451ms] [ERROR] Attestation check for Shared Storage on https://www.googleadservices.com failed. @ https://www.googleadservices.com/pagead/managed/js/activeview/current/reach_worklet.html:0
[   94633ms] [ERROR] Attestation check for Shared Storage on https://www.googleadservices.com failed. @ https://www.googleadservices.com/pagead/managed/js/activeview/current/reach_worklet.html:0
[  124463ms] [ERROR] Attestation check for Shared Storage on https://www.googleadservices.com failed. @ https://www.googleadservices.com/pagead/managed/js/activeview/current/reach_worklet.html:0
[  124617ms] [ERROR] Attestation check for Shared Storage on https://www.googleadservices.com failed. @ https://www.googleadservices.com/pagead/managed/js/activeview/current/reach_worklet.html:0
[  124689ms] [ERROR] Attestation check for Shared Storage on https://www.googleadservices.com failed. @ https://www.googleadservices.com/pagead/managed/js/activeview/current/reach_worklet.html:0
[  154808ms] [ERROR] Attestation check for Shared Storage on https://www.googleadservices.com failed. @ https://www.googleadservices.com/pagead/managed/js/activeview/current/reach_worklet.html:0
[  155430ms] [ERROR] Attestation check for Shared Storage on https://www.googleadservices.com failed. @ https://www.googleadservices.com/pagead/managed/js/activeview/current/reach_worklet.html:0
[  215567ms] [ERROR] Attestation check for Shared Storage on https://www.googleadservices.com failed. @ https://www.googleadservices.com/pagead/managed/js/activeview/current/reach_worklet.html:0
[  215669ms] [ERROR] Attestation check for Shared Storage on https://www.googleadservices.com failed. @ https://www.googleadservices.com/pagead/managed/js/activeview/current/reach_worklet.html:0
[  216449ms] [ERROR] Attestation check for Shared Storage on https://www.googleadservices.com failed. @ https://www.googleadservices.com/pagead/managed/js/activeview/current/reach_worklet.html:0
[  216821ms] [ERROR] Attestation check for Shared Storage on https://www.googleadservices.com failed. @ https://www.googleadservices.com/pagead/managed/js/activeview/current/reach_worklet.html:0
[  246030ms] [ERROR] Attestation check for Shared Storage on https://www.googleadservices.com failed. @ https://www.googleadservices.com/pagead/managed/js/activeview/current/reach_worklet.html:0
[  246833ms] [ERROR] Attestation check for Shared Storage on https://www.googleadservices.com failed. @ https://www.googleadservices.com/pagead/managed/js/activeview/current/reach_worklet.html:0
[  247049ms] [ERROR] Attestation check for Shared Storage on https://www.googleadservices.com failed. @ https://www.googleadservices.com/pagead/managed/js/activeview/current/reach_worklet.html:0
[  276478ms] [ERROR] Attestation check for Shared Storage on https://www.googleadservices.com failed. @ https://www.googleadservices.com/pagead/managed/js/activeview/current/reach_worklet.html:0
[  277352ms] [ERROR] Attestation check for Shared Storage on https://www.googleadservices.com failed. @ https://www.googleadservices.com/pagead/managed/js/activeview/current/reach_worklet.html:0
[  277530ms] [ERROR] Attestation check for Shared Storage on https://www.googleadservices.com failed. @ https://www.googleadservices.com/pagead/managed/js/activeview/current/reach_worklet.html:0
[  307877ms] [ERROR] Attestation check for Shared Storage on https://www.googleadservices.com failed. @ https://www.googleadservices.com/pagead/managed/js/activeview/current/reach_worklet.html:0
[  338176ms] [ERROR] Attestation check for Shared Storage on https://www.googleadservices.com failed. @ https://www.googleadservices.com/pagead/managed/js/activeview/current/reach_worklet.html:0
[  368634ms] [ERROR] Attestation check for Shared Storage on https://www.googleadservices.com failed. @ https://www.googleadservices.com/pagead/managed/js/activeview/current/reach_worklet.html:0
[  399199ms] [ERROR] Attestation check for Shared Storage on https://www.googleadservices.com failed. @ https://www.googleadservices.com/pagead/managed/js/activeview/current/reach_worklet.html:0
[  429493ms] [ERROR] Attestation check for Shared Storage on https://www.googleadservices.com failed. @ https://www.googleadservices.com/pagead/managed/js/activeview/current/reach_worklet.html:0
[  429704ms] [ERROR] Attestation check for Shared Storage on https://www.googleadservices.com failed. @ https://www.googleadservices.com/pagead/managed/js/activeview/current/reach_worklet.html:0
[  456591ms] [ERROR] Attestation check for Protected Audience on https://rtb.openx.net failed. @ https://www.metasrc.com/lol/arena/build/volibear:0
[  456591ms] [ERROR] Attestation check for Protected Audience on https://htlb.casalemedia.com failed. @ https://www.metasrc.com/lol/arena/build/volibear:0
[  456591ms] [ERROR] Attestation check for Protected Audience on https://fastlane.rubiconproject.com failed. @ https://www.metasrc.com/lol/arena/build/volibear:0
[  456591ms] [ERROR] Attestation check for Protected Audience on https://s.seedtag.com failed. @ https://www.metasrc.com/lol/arena/build/volibear:0
[  456591ms] [ERROR] Attestation check for Protected Audience on https://btlr.sharethrough.com failed. @ https://www.metasrc.com/lol/arena/build/volibear:0
[  456594ms] [ERROR] Attestation check for Protected Audience on https://grid-bidder.criteo.com failed. @ https://www.metasrc.com/lol/arena/build/volibear:0
[  456595ms] [ERROR] Attestation check for Protected Audience on https://hbopenbid.pubmatic.com failed. @ https://www.metasrc.com/lol/arena/build/volibear:0
[    4326ms] [ERROR] Attestation check for Shared Storage on https://www.googleadservices.com failed. @ https://www.googleadservices.com/pagead/managed/js/activeview/current/reach_worklet.html:0
[    4336ms] [ERROR] Attestation check for Shared Storage on https://www.googleadservices.com failed. @ https://www.googleadservices.com/pagead/managed/js/activeview/current/reach_worklet.html:0
[    4340ms] [ERROR] Attestation check for Shared Storage on https://www.googleadservices.com failed. @ https://www.googleadservices.com/pagead/managed/js/activeview/current/reach_worklet.html:0
[    4347ms] [ERROR] Attestation check for Shared Storage on https://www.googleadservices.com failed. @ https://www.googleadservices.com/pagead/managed/js/activeview/current/reach_worklet.html:0
[   33271ms] [ERROR] Attestation check for Shared Storage on https://www.googleadservices.com failed. @ https://www.googleadservices.com/pagead/managed/js/activeview/current/reach_worklet.html:0
[   33434ms] [ERROR] Attestation check for Shared Storage on https://www.googleadservices.com failed. @ https://www.googleadservices.com/pagead/managed/js/activeview/current/reach_worklet.html:0
[   33548ms] [ERROR] Attestation check for Shared Storage on https://www.googleadservices.com failed. @ https://www.googleadservices.com/pagead/managed/js/activeview/current/reach_worklet.html:0
[   33793ms] [ERROR] Attestation check for Shared Storage on https://www.googleadservices.com failed. @ https://www.googleadservices.com/pagead/managed/js/activeview/current/reach_worklet.html:0
[   63619ms] [ERROR] Attestation check for Shared Storage on https://www.googleadservices.com failed. @ https://www.googleadservices.com/pagead/managed/js/activeview/current/reach_worklet.html:0
[   63738ms] [ERROR] Attestation check for Shared Storage on https://www.googleadservices.com failed. @ https://www.googleadservices.com/pagead/managed/js/activeview/current/reach_worklet.html:0
[   64094ms] [ERROR] Attestation check for Shared Storage on https://www.googleadservices.com failed. @ https://www.googleadservices.com/pagead/managed/js/activeview/current/reach_worklet.html:0
[   64370ms] [ERROR] Attestation check for Shared Storage on https://www.googleadservices.com failed. @ https://www.googleadservices.com/pagead/managed/js/activeview/current/reach_worklet.html:0
[   94069ms] [ERROR] Attestation check for Shared Storage on https://www.googleadservices.com failed. @ https://www.googleadservices.com/pagead/managed/js/activeview/current/reach_worklet.html:0
[   94172ms] [ERROR] Attestation check for Shared Storage on https://www.googleadservices.com failed. @ https://www.googleadservices.com/pagead/managed/js/activeview/current/reach_worklet.html:0
[   94451ms] [ERROR] Attestation check for Shared Storage on https://www.googleadservices.com failed. @ https://www.googleadservices.com/pagead/managed/js/activeview/current/reach_worklet.html:0
[   94633ms] [ERROR] Attestation check for Shared Storage on https://www.googleadservices.com failed. @ https://www.googleadservices.com/pagead/managed/js/activeview/current/reach_worklet.html:0
[  124463ms] [ERROR] Attestation check for Shared Storage on https://www.googleadservices.com failed. @ https://www.googleadservices.com/pagead/managed/js/activeview/current/reach_worklet.html:0
[  124617ms] [ERROR] Attestation check for Shared Storage on https://www.googleadservices.com failed. @ https://www.googleadservices.com/pagead/managed/js/activeview/current/reach_worklet.html:0
[  124689ms] [ERROR] Attestation check for Shared Storage on https://www.googleadservices.com failed. @ https://www.googleadservices.com/pagead/managed/js/activeview/current/reach_worklet.html:0
[  154808ms] [ERROR] Attestation check for Shared Storage on https://www.googleadservices.com failed. @ https://www.googleadservices.com/pagead/managed/js/activeview/current/reach_worklet.html:0
[  155430ms] [ERROR] Attestation check for Shared Storage on https://www.googleadservices.com failed. @ https://www.googleadservices.com/pagead/managed/js/activeview/current/reach_worklet.html:0
[  215567ms] [ERROR] Attestation check for Shared Storage on https://www.googleadservices.com failed. @ https://www.googleadservices.com/pagead/managed/js/activeview/current/reach_worklet.html:0
[  215669ms] [ERROR] Attestation check for Shared Storage on https://www.googleadservices.com failed. @ https://www.googleadservices.com/pagead/managed/js/activeview/current/reach_worklet.html:0
[  216449ms] [ERROR] Attestation check for Shared Storage on https://www.googleadservices.com failed. @ https://www.googleadservices.com/pagead/managed/js/activeview/current/reach_worklet.html:0
[  216821ms] [ERROR] Attestation check for Shared Storage on https://www.googleadservices.com failed. @ https://www.googleadservices.com/pagead/managed/js/activeview/current/reach_worklet.html:0
[  246030ms] [ERROR] Attestation check for Shared Storage on https://www.googleadservices.com failed. @ https://www.googleadservices.com/pagead/managed/js/activeview/current/reach_worklet.html:0
[  246833ms] [ERROR] Attestation check for Shared Storage on https://www.googleadservices.com failed. @ https://www.googleadservices.com/pagead/managed/js/activeview/current/reach_worklet.html:0
[  247049ms] [ERROR] Attestation check for Shared Storage on https://www.googleadservices.com failed. @ https://www.googleadservices.com/pagead/managed/js/activeview/current/reach_worklet.html:0
[  276478ms] [ERROR] Attestation check for Shared Storage on https://www.googleadservices.com failed. @ https://www.googleadservices.com/pagead/managed/js/activeview/current/reach_worklet.html:0
[  277352ms] [ERROR] Attestation check for Shared Storage on https://www.googleadservices.com failed. @ https://www.googleadservices.com/pagead/managed/js/activeview/current/reach_worklet.html:0
[  277530ms] [ERROR] Attestation check for Shared Storage on https://www.googleadservices.com failed. @ https://www.googleadservices.com/pagead/managed/js/activeview/current/reach_worklet.html:0
[  307877ms] [ERROR] Attestation check for Shared Storage on https://www.googleadservices.com failed. @ https://www.googleadservices.com/pagead/managed/js/activeview/current/reach_worklet.html:0
[  338176ms] [ERROR] Attestation check for Shared Storage on https://www.googleadservices.com failed. @ https://www.googleadservices.com/pagead/managed/js/activeview/current/reach_worklet.html:0
[  368634ms] [ERROR] Attestation check for Shared Storage on https://www.googleadservices.com failed. @ https://www.googleadservices.com/pagead/managed/js/activeview/current/reach_worklet.html:0
[  399199ms] [ERROR] Attestation check for Shared Storage on https://www.googleadservices.com failed. @ https://www.googleadservices.com/pagead/managed/js/activeview/current/reach_worklet.html:0
[  429493ms] [ERROR] Attestation check for Shared Storage on https://www.googleadservices.com failed. @ https://www.googleadservices.com/pagead/managed/js/activeview/current/reach_worklet.html:0
[  429704ms] [ERROR] Attestation check for Shared Storage on https://www.googleadservices.com failed. @ https://www.googleadservices.com/pagead/managed/js/activeview/current/reach_worklet.html:0
[  459928ms] [ERROR] Attestation check for Shared Storage on https://www.googleadservices.com failed. @ https://www.googleadservices.com/pagead/managed/js/activeview/current/reach_worklet.html:0
[    4326ms] [ERROR] Attestation check for Shared Storage on https://www.googleadservices.com failed. @ https://www.googleadservices.com/pagead/managed/js/activeview/current/reach_worklet.html:0
[    4336ms] [ERROR] Attestation check for Shared Storage on https://www.googleadservices.com failed. @ https://www.googleadservices.com/pagead/managed/js/activeview/current/reach_worklet.html:0
[    4340ms] [ERROR] Attestation check for Shared Storage on https://www.googleadservices.com failed. @ https://www.googleadservices.com/pagead/managed/js/activeview/current/reach_worklet.html:0
[    4347ms] [ERROR] Attestation check for Shared Storage on https://www.googleadservices.com failed. @ https://www.googleadservices.com/pagead/managed/js/activeview/current/reach_worklet.html:0
[   33271ms] [ERROR] Attestation check for Shared Storage on https://www.googleadservices.com failed. @ https://www.googleadservices.com/pagead/managed/js/activeview/current/reach_worklet.html:0
[   33434ms] [ERROR] Attestation check for Shared Storage on https://www.googleadservices.com failed. @ https://www.googleadservices.com/pagead/managed/js/activeview/current/reach_worklet.html:0
[   33548ms] [ERROR] Attestation check for Shared Storage on https://www.googleadservices.com failed. @ https://www.googleadservices.com/pagead/managed/js/activeview/current/reach_worklet.html:0
[   33793ms] [ERROR] Attestation check for Shared Storage on https://www.googleadservices.com failed. @ https://www.googleadservices.com/pagead/managed/js/activeview/current/reach_worklet.html:0
[   63619ms] [ERROR] Attestation check for Shared Storage on https://www.googleadservices.com failed. @ https://www.googleadservices.com/pagead/managed/js/activeview/current/reach_worklet.html:0
[   63738ms] [ERROR] Attestation check for Shared Storage on https://www.googleadservices.com failed. @ https://www.googleadservices.com/pagead/managed/js/activeview/current/reach_worklet.html:0
[   64094ms] [ERROR] Attestation check for Shared Storage on https://www.googleadservices.com failed. @ https://www.googleadservices.com/pagead/managed/js/activeview/current/reach_worklet.html:0
[   64370ms] [ERROR] Attestation check for Shared Storage on https://www.googleadservices.com failed. @ https://www.googleadservices.com/pagead/managed/js/activeview/current/reach_worklet.html:0
[   94069ms] [ERROR] Attestation check for Shared Storage on https://www.googleadservices.com failed. @ https://www.googleadservices.com/pagead/managed/js/activeview/current/reach_worklet.html:0
[   94172ms] [ERROR] Attestation check for Shared Storage on https://www.googleadservices.com failed. @ https://www.googleadservices.com/pagead/managed/js/activeview/current/reach_worklet.html:0
[   94451ms] [ERROR] Attestation check for Shared Storage on https://www.googleadservices.com failed. @ https://www.googleadservices.com/pagead/managed/js/activeview/current/reach_worklet.html:0
[   94633ms] [ERROR] Attestation check for Shared Storage on https://www.googleadservices.com failed. @ https://www.googleadservices.com/pagead/managed/js/activeview/current/reach_worklet.html:0
[  124463ms] [ERROR] Attestation check for Shared Storage on https://www.googleadservices.com failed. @ https://www.googleadservices.com/pagead/managed/js/activeview/current/reach_worklet.html:0
[  124617ms] [ERROR] Attestation check for Shared Storage on https://www.googleadservices.com failed. @ https://www.googleadservices.com/pagead/managed/js/activeview/current/reach_worklet.html:0
[  124689ms] [ERROR] Attestation check for Shared Storage on https://www.googleadservices.com failed. @ https://www.googleadservices.com/pagead/managed/js/activeview/current/reach_worklet.html:0
[  154808ms] [ERROR] Attestation check for Shared Storage on https://www.googleadservices.com failed. @ https://www.googleadservices.com/pagead/managed/js/activeview/current/reach_worklet.html:0
[  155430ms] [ERROR] Attestation check for Shared Storage on https://www.googleadservices.com failed. @ https://www.googleadservices.com/pagead/managed/js/activeview/current/reach_worklet.html:0
[  215567ms] [ERROR] Attestation check for Shared Storage on https://www.googleadservices.com failed. @ https://www.googleadservices.com/pagead/managed/js/activeview/current/reach_worklet.html:0
[  215669ms] [ERROR] Attestation check for Shared Storage on https://www.googleadservices.com failed. @ https://www.googleadservices.com/pagead/managed/js/activeview/current/reach_worklet.html:0
[  216449ms] [ERROR] Attestation check for Shared Storage on https://www.googleadservices.com failed. @ https://www.googleadservices.com/pagead/managed/js/activeview/current/reach_worklet.html:0
[  216821ms] [ERROR] Attestation check for Shared Storage on https://www.googleadservices.com failed. @ https://www.googleadservices.com/pagead/managed/js/activeview/current/reach_worklet.html:0
[  246030ms] [ERROR] Attestation check for Shared Storage on https://www.googleadservices.com failed. @ https://www.googleadservices.com/pagead/managed/js/activeview/current/reach_worklet.html:0
[  246833ms] [ERROR] Attestation check for Shared Storage on https://www.googleadservices.com failed. @ https://www.googleadservices.com/pagead/managed/js/activeview/current/reach_worklet.html:0
[  247049ms] [ERROR] Attestation check for Shared Storage on https://www.googleadservices.com failed. @ https://www.googleadservices.com/pagead/managed/js/activeview/current/reach_worklet.html:0
[  276478ms] [ERROR] Attestation check for Shared Storage on https://www.googleadservices.com failed. @ https://www.googleadservices.com/pagead/managed/js/activeview/current/reach_worklet.html:0
[  277352ms] [ERROR] Attestation check for Shared Storage on https://www.googleadservices.com failed. @ https://www.googleadservices.com/pagead/managed/js/activeview/current/reach_worklet.html:0
[  277530ms] [ERROR] Attestation check for Shared Storage on https://www.googleadservices.com failed. @ https://www.googleadservices.com/pagead/managed/js/activeview/current/reach_worklet.html:0
[  307877ms] [ERROR] Attestation check for Shared Storage on https://www.googleadservices.com failed. @ https://www.googleadservices.com/pagead/managed/js/activeview/current/reach_worklet.html:0
[  338176ms] [ERROR] Attestation check for Shared Storage on https://www.googleadservices.com failed. @ https://www.googleadservices.com/pagead/managed/js/activeview/current/reach_worklet.html:0
[  368634ms] [ERROR] Attestation check for Shared Storage on https://www.googleadservices.com failed. @ https://www.googleadservices.com/pagead/managed/js/activeview/current/reach_worklet.html:0
[  399199ms] [ERROR] Attestation check for Shared Storage on https://www.googleadservices.com failed. @ https://www.googleadservices.com/pagead/managed/js/activeview/current/reach_worklet.html:0
[  429493ms] [ERROR] Attestation check for Shared Storage on https://www.googleadservices.com failed. @ https://www.googleadservices.com/pagead/managed/js/activeview/current/reach_worklet.html:0
[  429704ms] [ERROR] Attestation check for Shared Storage on https://www.googleadservices.com failed. @ https://www.googleadservices.com/pagead/managed/js/activeview/current/reach_worklet.html:0
[  459928ms] [ERROR] Attestation check for Shared Storage on https://www.googleadservices.com failed. @ https://www.googleadservices.com/pagead/managed/js/activeview/current/reach_worklet.html:0
[  460126ms] [ERROR] Attestation check for Shared Storage on https://www.googleadservices.com failed. @ https://www.googleadservices.com/pagead/managed/js/activeview/current/reach_worklet.html:0
